user_id,lon,lat,arrival_time,departure_time,venue_name
1541.0,139.61954618307703,35.705087635283775,2012-04-04 03:17:18,2012-04-04 04:20:09,Cosmetics Shop
1541.0,139.6131489293647,35.709259347402266,2012-04-04 08:50:11,2012-04-04 09:02:58,Convenience Store
1541.0,139.61916625499725,35.705032480253074,2012-04-04 12:11:41,2012-04-04 12:26:03,Post Office
1541.0,139.62079635578104,35.70474212880387,2012-04-04 22:08:03,2012-04-04 22:20:52,Gym / Fitness Center
1541.0,139.61856007575784,35.705873010590125,2012-04-04 23:21:15,2012-04-05 00:39:25,Ramen /  Noodle House
1541.0,139.6200444321852,35.704916736156704,2012-04-05 00:40:02,2012-04-05 08:26:33,Bank
1541.0,139.61941093289033,35.70543584453765,2012-04-05 20:56:02,2012-04-06 23:24:11,Café
1541.0,139.63487492348202,35.71399954760099,2012-04-08 11:01:20,2012-04-08 11:11:47,Smoke Shop
1541.0,139.61856952222,35.705885668690506,2012-04-09 08:11:09,2012-04-09 23:03:52,Bar
1541.0,139.6131489293647,35.709259347402266,2012-04-11 09:03:21,2012-04-11 09:35:36,Office
1541.0,139.6209488632079,35.704806078775704,2012-04-11 19:56:11,2012-04-12 02:48:23,Gym / Fitness Center
1541.0,139.6184921026916,35.70607673834103,2012-04-12 03:44:56,2012-04-12 08:38:55,Café
1541.0,139.61319622822612,35.70914226948579,2012-04-13 19:28:47,2012-04-13 20:21:37,Convenience Store
1541.0,139.61887954811007,35.70577424287737,2012-04-13 20:35:35,2012-04-13 23:22:43,Bank
1541.0,139.61898151785135,35.70611795302824,2012-04-14 07:16:43,2012-04-14 08:17:30,Clothing Store
1541.0,139.61249918467905,35.70959475727261,2012-04-14 09:01:35,2012-04-14 10:35:13,Office
1541.0,139.79711901342012,35.72485108930028,2012-04-14 15:11:54,2012-04-14 15:26:10,Neighborhood
1541.0,139.6145150070501,35.70839563895807,2012-04-15 19:12:52,2012-04-15 20:27:46,Road
1541.0,139.6182607441862,35.705895686962904,2012-04-15 20:42:48,2012-04-16 00:28:41,Convenience Store
1541.0,139.6188470930008,35.70588057049006,2012-04-16 01:04:12,2012-04-16 20:45:04,Food & Drink Shop
1541.0,139.6145150070501,35.70839563895807,2012-04-19 09:17:54,2012-04-19 10:01:44,Ramen /  Noodle House
1541.0,139.61919330270067,35.705427824483316,2012-04-19 21:09:09,2012-04-19 22:48:54,Café
1541.0,139.617949873209,35.70645581598546,2012-04-20 08:10:36,2012-04-20 08:38:00,Café
1541.0,139.6129970720425,35.70942342121728,2012-04-20 09:05:59,2012-04-20 10:05:40,Office
1541.0,139.72533827770235,35.616320005571254,2012-04-20 16:16:23,2012-04-20 16:32:07,Bar
1541.0,139.6182346343994,35.70619663430535,2012-04-20 21:29:07,2012-04-21 02:21:23,Convenience Store
1541.0,139.618682719038,35.705780591590226,2012-04-21 15:43:58,2012-04-21 17:45:22,Medical Center
1541.0,139.61967497066993,35.705108062350114,2012-04-21 20:50:53,2012-04-21 23:00:46,Café
1541.0,139.61614608764648,35.707592725576234,2012-04-22 00:08:43,2012-04-22 03:41:53,Tea Room
1541.0,139.6185937528185,35.70572323916258,2012-04-22 21:18:41,2012-04-23 08:38:38,Bus Station
1541.0,139.61618229746819,35.670407036458826,2012-04-23 13:27:29,2012-04-23 13:52:28,Indian Restaurant
1541.0,139.78507947097825,35.69728428560813,2012-04-23 17:10:49,2012-04-23 17:32:47,Electronics Store
1541.0,139.61966514587402,35.704974762248014,2012-04-24 00:56:59,2012-04-24 01:22:13,Miscellaneous Shop
1541.0,139.6138403562331,35.708783667979745,2012-04-24 09:47:32,2012-04-24 10:01:34,Ramen /  Noodle House
1541.0,139.61903082665367,35.70584611151806,2012-04-24 17:36:41,2012-04-25 00:41:28,Candy Store
1541.0,139.61884477531433,35.7052759685031,2012-04-25 02:33:01,2012-04-25 08:24:11,Fast Food Restaurant
1541.0,139.61935921225864,35.705801793588705,2012-04-26 20:08:20,2012-04-27 18:52:45,Italian Restaurant
1541.0,139.61846619844437,35.705608568631575,2012-04-28 00:09:02,2012-04-28 00:31:08,Video Store
1541.0,139.61714656531905,35.706335112485775,2012-04-28 02:17:40,2012-04-28 08:34:08,Convenience Store
1541.0,139.52486380934715,35.702289191134376,2012-04-28 10:58:54,2012-04-28 11:35:57,Arcade
1541.0,139.617807,35.705961333333335,2012-04-28 20:30:23,2012-04-28 21:40:42,Bar
1541.0,139.6188287702317,35.705563371379654,2012-04-28 21:41:20,2012-04-28 22:26:38,Miscellaneous Shop
1541.0,139.61915714943706,35.70572727792359,2012-04-29 01:39:56,2012-04-29 03:08:16,Bank
1541.0,139.61790438498343,35.705719911470155,2012-04-29 03:56:57,2012-04-29 04:29:47,Bar
1541.0,139.62012899408393,35.70464928517059,2012-04-29 08:32:01,2012-04-29 11:48:45,Café
1541.0,139.61830227531433,35.7059299685031,2012-04-29 22:07:50,2012-04-29 22:24:38,Clothing Store
1541.0,139.6196131249696,35.70539077362497,2012-05-04 21:02:07,2012-05-05 08:43:23,Bar
1541.0,139.8814058303833,35.631863617508614,2012-05-07 20:21:11,2012-05-07 21:44:39,Park
1541.0,139.61907781195913,35.7056531520731,2012-05-08 00:18:10,2012-05-08 06:58:19,Bank
1541.0,139.61839036913574,35.70608142932238,2012-05-09 00:24:31,2012-05-09 08:30:27,Bank
1541.0,139.6123674429088,35.71054091759455,2012-05-09 08:45:47,2012-05-09 10:41:09,Playground
1541.0,139.52425637304034,35.70151804055142,2012-05-09 12:58:42,2012-05-09 13:35:11,Sorority House
1541.0,139.59921406917277,35.70329900712697,2012-05-09 13:44:13,2012-05-09 14:23:05,Café
1541.0,139.61869124328868,35.70597389460804,2012-05-11 20:21:36,2012-05-12 08:31:20,Bank
1541.0,139.66561156186674,35.709570160842915,2012-05-12 11:57:46,2012-05-12 12:24:36,Mall
1541.0,139.7733861207962,35.69859211753043,2012-05-12 15:57:47,2012-05-12 17:18:02,Electronics Store
1541.0,139.76412759299086,35.68179357834599,2012-05-12 21:58:06,2012-05-12 22:53:51,Brazilian Restaurant
1541.0,139.61217870050578,35.70961057580401,2012-05-13 08:41:39,2012-05-13 09:22:36,Automotive Shop
1541.0,139.61936871510872,35.70489129427714,2012-05-13 22:28:24,2012-05-14 05:21:14,Japanese Restaurant
1541.0,139.6696991425705,35.68418177184163,2012-05-14 13:54:03,2012-05-14 14:04:06,Park
1541.0,139.6193566918373,35.70516642794095,2012-05-14 15:34:29,2012-05-14 16:33:05,Japanese Restaurant
1541.0,139.61892969163424,35.7058442696852,2012-05-14 23:59:59,2012-05-15 03:57:04,Bus Station
1541.0,139.61844211753132,35.70601840895255,2012-05-15 20:42:15,2012-05-15 22:43:22,Japanese Restaurant
1541.0,139.6179651126389,35.70612220983715,2012-05-16 07:39:58,2012-05-16 08:08:23,Camera Store
1541.0,139.61850649968767,35.705733204109606,2012-05-17 20:40:47,2012-05-17 23:40:07,Bar
1541.0,139.6193138630344,35.7053328798497,2012-05-18 00:05:23,2012-05-18 01:53:07,Bus Station
1541.0,139.64910184862694,35.705176268361015,2012-05-18 21:31:21,2012-05-18 23:13:05,Arcade
1541.0,139.61334993711785,35.708918056917874,2012-05-19 09:55:37,2012-05-19 10:49:00,Pet Store
1541.0,139.61973821061807,35.70512046880239,2012-05-20 01:11:26,2012-05-20 03:51:09,Other Great Outdoors
1541.0,139.62036344661712,35.705378053202665,2012-05-21 18:52:05,2012-05-21 20:41:57,Japanese Restaurant
1541.0,139.61787971448038,35.70556603716469,2012-05-21 20:49:15,2012-05-21 21:56:02,Concert Hall
1541.0,139.58191970864056,35.58468036095742,2012-05-22 12:26:18,2012-05-22 13:01:05,Salon / Barbershop
1541.0,139.61956954511885,35.70510435166324,2012-05-25 18:10:57,2012-05-25 19:59:47,Gym / Fitness Center
1541.0,139.6194425225258,35.70522850345457,2012-05-26 16:59:48,2012-05-26 17:13:35,Miscellaneous Shop
1541.0,139.6166173553417,35.70680940045575,2012-05-26 17:35:31,2012-05-26 18:06:01,Japanese Restaurant
1541.0,139.6202357260949,35.70438751137817,2012-05-27 16:53:00,2012-05-27 19:11:45,Japanese Restaurant
1541.0,139.81159557745306,35.710174009166785,2012-05-27 20:13:47,2012-05-27 21:05:26,Government Building
1541.0,139.59863050633663,35.703890706983984,2012-05-28 13:19:20,2012-05-28 13:38:02,Japanese Restaurant
1541.0,139.61253154705537,35.709559437561765,2012-05-29 08:50:27,2012-05-29 10:24:46,Pet Store
1541.0,139.61242894290882,35.709658417594554,2012-05-29 18:59:07,2012-05-29 19:55:32,Office
1541.0,139.61334993711785,35.708918056917874,2012-05-30 08:48:34,2012-05-30 10:20:13,Pet Store
1541.0,139.61826303904215,35.70597384491361,2012-05-30 14:00:30,2012-05-30 15:54:50,Café
1541.0,139.6188866206879,35.70590346127275,2012-05-31 23:06:54,2012-06-01 00:55:36,Café
1541.0,139.7177598117667,35.72957476359135,2012-06-03 16:56:06,2012-06-03 17:52:06,Indian Restaurant
1541.0,139.61958493235778,35.705448678419955,2012-06-03 21:23:22,2012-06-04 08:21:15,Bank
1541.0,139.61924666346764,35.706327791992685,2012-06-04 22:47:40,2012-06-05 08:28:58,Restaurant
1541.0,139.65001400262415,35.70491506659832,2012-06-05 21:24:30,2012-06-05 23:41:41,Bar
1541.0,139.618464123264,35.70618514340735,2012-06-06 22:50:32,2012-06-06 23:14:27,Bar
1541.0,139.61250665292727,35.70955781015542,2012-06-07 08:46:43,2012-06-07 10:28:23,Office
1541.0,139.61799372372437,35.70560990804455,2012-06-07 17:37:29,2012-06-07 18:35:10,Bar
1541.0,139.61250665292727,35.70955781015542,2012-06-08 08:50:42,2012-06-08 10:15:39,Office
1541.0,139.61928059149366,35.70519715385284,2012-06-10 04:03:41,2012-06-11 00:53:49,Post Office
1541.0,139.612887535391,35.70917358030718,2012-06-11 08:59:31,2012-06-11 09:29:52,Japanese Restaurant
1541.0,139.61945262626702,35.70566655994149,2012-06-11 09:30:12,2012-06-11 10:06:23,Bank
1541.0,139.6203812694052,35.70488865813819,2012-06-12 08:28:31,2012-06-12 11:21:43,Mall
1541.0,139.61799771099854,35.70616406515642,2012-06-13 02:43:37,2012-06-13 08:26:20,Café
1541.0,139.61250665292727,35.70955781015542,2012-06-13 08:59:48,2012-06-13 10:28:31,Office
1541.0,139.85945562476536,35.6621510977866,2012-06-13 12:46:08,2012-06-13 14:43:10,Bookstore
1541.0,139.6186846400379,35.705849632452804,2012-06-13 20:46:18,2012-06-14 02:04:44,Bar
1541.0,139.62031397316215,35.70484599695,2012-06-14 02:05:26,2012-06-14 08:34:51,Gym / Fitness Center
1541.0,139.61938963830335,35.70549013924881,2012-06-15 20:53:14,2012-06-15 21:49:54,Clothing Store
1541.0,139.61963108212868,35.70525781935668,2012-06-18 03:23:50,2012-06-18 08:23:59,Gym / Fitness Center
1541.0,139.61874674991643,35.705878440760515,2012-06-19 00:12:35,2012-06-19 18:21:05,Arcade
1541.0,139.6131489293647,35.709259347402266,2012-06-21 09:52:15,2012-06-21 10:44:54,Office
1541.0,139.61857117848888,35.706128609499984,2012-07-03 04:27:08,2012-07-03 16:55:44,Bar
1541.0,139.64899617112928,35.704578581179604,2012-07-04 15:54:20,2012-07-04 17:12:29,Chinese Restaurant
1541.0,139.61815907802583,35.70613045840336,2012-07-05 20:51:25,2012-07-06 02:35:39,Bar
1541.0,139.61791164050103,35.70655910698854,2012-07-06 20:20:03,2012-07-07 02:57:47,Bar
1541.0,139.6203245097731,35.70503412691954,2012-07-07 18:11:02,2012-07-07 20:37:43,Miscellaneous Shop
1541.0,139.61914373219372,35.70621791312679,2012-07-08 01:16:19,2012-07-08 03:45:51,Restaurant
1541.0,139.61754782917313,35.70663230223467,2012-07-08 19:01:11,2012-07-08 20:48:58,Café
1541.0,139.61936788054422,35.70566766805047,2012-07-08 23:53:42,2012-07-09 06:38:39,Bank
1541.0,139.61818205054095,35.705970589870404,2012-07-09 18:52:02,2012-07-10 02:37:12,Bar
1541.0,139.61361277614483,35.70875614751659,2012-07-10 08:51:46,2012-07-11 09:43:00,Ramen /  Noodle House
1541.0,139.61704858000002,35.7065445,2012-07-12 19:16:13,2012-07-13 08:40:03,Café
1541.0,139.88425835967064,35.63574398860767,2012-07-16 07:50:51,2012-07-16 08:02:36,Train Station
1541.0,139.88787598640042,35.62405553951619,2012-07-16 09:21:02,2012-07-16 18:02:31,Park
1541.0,139.61861848395498,35.70574425556376,2012-07-22 19:47:58,2012-07-22 20:52:07,Bar
1541.0,139.70276248383178,35.694439206418025,2012-07-24 20:21:36,2012-07-24 21:19:43,Other Nightlife
1541.0,139.6190143479837,35.7058558696192,2012-08-10 19:53:39,2012-08-10 21:15:26,Bar
1541.0,139.61813805156828,35.70578200779998,2012-08-11 22:12:53,2012-08-12 02:18:27,Japanese Restaurant
1541.0,139.61881303327885,35.70588644724969,2012-08-18 19:20:08,2012-08-18 22:46:52,Bar
1541.0,139.61798155054095,35.7058755898704,2012-08-20 16:29:24,2012-08-20 19:53:45,Salon / Barbershop
1541.0,139.61810810108187,35.7062681797408,2012-09-05 20:36:11,2012-09-15 23:50:30,Bar
1541.0,139.61496961743174,35.70778644230442,2012-10-08 18:20:50,2012-10-08 18:46:57,Ramen /  Noodle House
1541.0,139.61829527679697,35.70596817984284,2012-10-08 19:22:47,2012-10-09 02:22:52,Video Store
1541.0,139.61817312261266,35.706008502425625,2012-10-16 22:39:42,2012-10-18 23:46:01,Bar
1541.0,139.61939196265203,35.705451782405866,2012-10-20 02:25:10,2012-10-23 00:20:15,Bar
1541.0,139.61716366666667,35.706617779999995,2012-10-23 23:22:08,2012-10-24 08:33:06,Fast Food Restaurant
1541.0,139.61837947428836,35.70564027028068,2012-10-25 03:05:36,2012-10-25 11:37:09,Bar
1541.0,139.6178796737671,35.70631330146381,2012-10-29 18:41:54,2012-10-29 20:34:37,Food & Drink Shop
1541.0,139.6184279657364,35.70571185963466,2012-11-06 20:51:33,2012-11-06 23:18:58,Bar
1541.0,139.61870691547395,35.70585343178247,2012-11-07 18:33:41,2012-11-07 19:02:00,Arcade
1541.0,139.61250167407383,35.709500247464675,2012-11-09 18:31:53,2012-11-10 09:34:04,Food & Drink Shop
1541.0,139.6184279657364,35.70571185963466,2012-11-11 22:37:46,2012-11-12 12:16:41,Bar
1541.0,139.61788459863664,35.70637657320407,2012-11-12 20:50:47,2012-11-13 13:59:35,Bar
1541.0,139.57944186279326,35.703585817021185,2012-12-02 19:53:04,2012-12-03 02:26:24,Japanese Restaurant
1541.0,139.61825755501695,35.7059420843764,2012-12-28 22:35:17,2013-01-17 20:49:43,Bar
1541.0,139.61837991519548,35.705463769764265,2013-02-12 22:10:47,2013-02-13 08:01:24,Video Store
1541.0,139.61332006413633,35.70896628808934,2013-02-13 09:47:48,2013-02-13 09:59:55,Food & Drink Shop
868.0,139.7958329375058,35.71555674463177,2012-04-07 21:41:10,2012-04-08 16:00:24,Bar
868.0,139.69974517822266,35.64400695732112,2012-04-10 13:32:59,2012-04-11 13:54:39,Miscellaneous Shop
868.0,139.7757682545389,35.7285530707037,2012-04-13 02:20:48,2012-04-13 04:26:30,Convenience Store
868.0,139.79613334491546,35.71540647841476,2012-04-15 00:07:13,2012-04-15 01:41:39,Bar
868.0,139.77942688132572,35.715492283192475,2012-04-15 02:01:25,2012-04-16 00:09:29,Bar
868.0,139.77436625453885,35.72804645570369,2012-04-18 22:22:04,2012-04-19 01:57:50,Japanese Restaurant
868.0,139.77747693214195,35.71284748779523,2012-04-19 20:54:54,2012-04-19 22:37:30,Gym / Fitness Center
868.0,139.77120609599302,35.72819497187835,2012-04-21 16:35:34,2012-04-21 18:16:38,Café
868.0,139.76098001003265,35.738468183883555,2012-04-22 15:58:09,2012-04-22 16:26:24,Mall
868.0,139.6995359659195,35.64407743442958,2012-04-24 13:32:53,2012-04-24 17:31:56,Miscellaneous Shop
868.0,139.77440091470112,35.72861324584493,2012-04-25 01:07:40,2012-04-25 20:31:28,Clothing Store
868.0,139.77440091470112,35.72861324584493,2012-04-26 23:21:49,2012-04-27 22:38:14,Clothing Store
868.0,139.7964334487915,35.71487770323864,2012-04-28 15:53:05,2012-04-28 16:03:24,Temple
868.0,139.779451,35.715545,2012-04-29 00:01:22,2012-04-29 22:36:56,Bar
868.0,139.77942688132572,35.715492283192475,2012-05-04 22:28:00,2012-05-05 03:30:03,Bar
868.0,139.75338381353308,35.665702370660924,2012-05-07 12:46:24,2012-05-07 19:22:44,Park
868.0,139.75324906294009,35.665678072439825,2012-05-14 12:49:25,2012-05-14 18:03:24,Park
868.0,139.77747693214195,35.71284748779523,2012-05-15 20:26:07,2012-05-15 22:24:00,Gym / Fitness Center
868.0,139.77747693214195,35.71284748779523,2012-05-16 22:13:39,2012-05-16 22:48:26,Gym / Fitness Center
868.0,139.77693522682344,35.71342893617865,2012-05-17 20:37:46,2012-05-17 22:36:42,Gym / Fitness Center
868.0,139.6995359659195,35.64407743442958,2012-05-29 14:14:38,2012-05-29 17:18:28,Miscellaneous Shop
868.0,139.77747693214195,35.71284748779523,2012-05-29 20:16:05,2012-05-29 22:09:13,Gym / Fitness Center
868.0,139.77942688132572,35.715492283192475,2012-06-10 21:22:00,2012-06-10 23:17:06,Bar
868.0,139.775783232042,35.728607093961855,2012-08-14 00:16:23,2012-08-14 01:47:31,Clothing Store
114.0,139.48025465011597,35.70025262768564,2012-04-04 21:37:58,2012-04-08 10:41:09,Train Station
114.0,139.66611071298314,35.706277526880825,2012-04-13 10:13:26,2012-04-13 10:26:34,Camera Store
114.0,139.7443268191132,35.70067662137172,2012-04-13 10:41:22,2012-04-13 11:00:48,Train Station
114.0,139.48019832372665,35.700283122065954,2012-04-15 10:39:30,2012-04-17 06:49:43,Train Station
114.0,139.765222,35.699583,2012-04-23 09:08:42,2012-04-23 15:57:05,Train Station
114.0,139.47996067408582,35.721999262702795,2012-04-24 06:39:04,2012-04-26 08:02:52,Train Station
114.0,139.765222,35.699583,2012-04-26 08:58:01,2012-04-26 17:23:26,Train Station
114.0,139.77086260914803,35.70064905379344,2012-05-09 12:24:22,2012-05-09 12:41:39,Hobby Shop
114.0,139.47992341722397,35.72137089381171,2012-05-12 09:59:30,2012-05-12 10:32:50,Convenience Store
114.0,139.79927870985412,35.681895592094705,2012-05-13 12:46:12,2012-05-13 12:59:10,Subway
114.0,139.47982549667358,35.700652320034024,2012-05-14 17:40:44,2012-05-15 06:48:38,Train Station
114.0,139.47982549667358,35.700652320034024,2012-06-03 17:32:06,2012-06-04 08:27:17,Train Station
114.0,139.78658936926934,35.69809127647217,2012-06-21 15:20:30,2012-06-21 16:00:10,Train Station
114.0,139.47994733704292,35.7215366313514,2012-07-07 11:52:30,2012-07-08 10:26:06,Food & Drink Shop
114.0,139.47982549667358,35.700652320034024,2012-07-08 19:06:20,2012-07-09 08:30:19,Train Station
114.0,139.47982549667358,35.700652320034024,2012-07-13 18:37:34,2012-07-15 17:27:24,Train Station
114.0,139.76762502643635,35.70166284566299,2012-08-10 13:49:53,2012-11-26 15:49:36,Café
1458.0,139.7854053530318,35.707134528552686,2012-04-15 23:05:56,2012-04-18 04:14:58,Residential Building (Apartment / Condo)
1458.0,139.7854053530318,35.707134528552686,2012-04-21 03:37:23,2012-04-23 02:09:10,Residential Building (Apartment / Condo)
1458.0,139.77150534852342,35.70830023339063,2012-04-25 19:44:07,2012-04-27 20:35:51,Arcade
1458.0,139.7854053530318,35.707134528552686,2012-04-29 08:41:37,2012-05-09 04:18:51,Residential Building (Apartment / Condo)
1458.0,139.77150534852342,35.70830023339063,2012-05-09 21:10:32,2012-05-11 20:15:17,Arcade
1458.0,139.77150534852342,35.70830023339063,2012-05-18 20:12:54,2012-05-19 20:57:56,Arcade
1458.0,139.77150534852342,35.70830023339063,2012-05-21 20:41:46,2012-05-22 20:14:09,Arcade
1458.0,139.77150534852342,35.70830023339063,2012-05-24 19:10:44,2012-05-25 20:07:28,Arcade
1458.0,139.7854053530318,35.707134528552686,2012-05-26 09:06:18,2012-05-27 07:56:50,Residential Building (Apartment / Condo)
1458.0,139.77150534852342,35.70830023339063,2012-05-28 20:57:55,2012-05-29 23:29:38,Arcade
1458.0,139.7854053530318,35.707134528552686,2012-05-30 04:33:10,2012-06-01 07:17:59,Residential Building (Apartment / Condo)
1458.0,139.77150534852342,35.70830023339063,2012-06-04 22:16:07,2012-06-06 19:46:27,Arcade
1458.0,139.77151034075763,35.70854928478619,2012-06-09 20:47:41,2012-06-10 02:39:39,Arcade
1458.0,139.77150534852342,35.70830023339063,2012-06-14 20:19:13,2012-06-21 20:22:15,Arcade
1458.0,139.77150820122867,35.7084425484738,2012-07-03 18:28:27,2012-07-08 01:31:23,Arcade
1458.0,139.7854053530318,35.707134528552686,2012-07-13 03:26:01,2012-07-14 10:46:10,Residential Building (Apartment / Condo)
1458.0,139.7854053530318,35.707134528552686,2012-07-16 02:56:19,2012-07-19 08:01:07,Residential Building (Apartment / Condo)
1458.0,139.7854053530318,35.707134528552686,2012-07-31 06:29:15,2012-08-06 19:40:08,Residential Building (Apartment / Condo)
1458.0,139.77150534852342,35.70830023339063,2012-08-06 20:08:45,2012-08-09 18:35:04,Arcade
1458.0,139.7854053530318,35.707134528552686,2012-08-12 15:46:01,2012-08-18 09:40:24,Residential Building (Apartment / Condo)
1458.0,139.7715093423108,35.708499474507065,2012-08-20 19:43:18,2012-09-15 02:46:08,Arcade
1458.0,139.77181154118082,35.708604780703325,2012-10-04 02:48:21,2012-10-13 03:18:36,Asian Restaurant
1458.0,139.77146873882563,35.709341768677625,2012-10-16 19:39:42,2012-11-01 02:22:22,Arcade
1635.0,139.7334498167038,35.755926823250725,2012-04-04 04:51:50,2012-04-04 17:13:50,Other Great Outdoors
1635.0,139.7334086894989,35.755982690573425,2012-04-05 04:04:02,2012-04-08 04:31:01,Shrine
1635.0,139.7334086894989,35.755982690573425,2012-04-10 04:42:02,2012-04-10 17:13:42,Shrine
1635.0,139.7334086894989,35.755982690573425,2012-04-12 03:55:05,2012-04-12 17:31:39,Shrine
1635.0,139.7333264350891,35.756094425218826,2012-04-13 04:37:07,2012-04-13 17:19:09,Shrine
1635.0,139.7334909439087,35.755870955928025,2012-04-15 05:13:40,2012-04-15 17:52:36,Other Great Outdoors
1635.0,139.71012719091723,35.72965854548392,2012-04-16 17:10:11,2012-04-16 17:48:54,Bookstore
1635.0,139.74936035296426,35.72336023471509,2012-04-17 18:04:49,2012-04-17 21:17:30,University
1635.0,139.75001230144983,35.723358676293756,2012-04-19 18:13:25,2012-04-19 19:41:22,University
1635.0,139.7333264350891,35.756094425218826,2012-04-20 04:51:42,2012-04-20 17:24:28,Shrine
1635.0,139.7333264350891,35.756094425218826,2012-04-21 04:48:43,2012-04-21 17:33:42,Shrine
1635.0,139.7333264350891,35.756094425218826,2012-04-22 04:40:14,2012-04-22 17:26:58,Shrine
1635.0,139.7333264350891,35.756094425218826,2012-04-23 04:38:53,2012-04-23 17:31:08,Shrine
1635.0,139.7333264350891,35.756094425218826,2012-04-24 05:16:01,2012-04-24 17:47:40,Shrine
1635.0,139.7333264350891,35.756094425218826,2012-04-26 04:43:13,2012-04-26 17:26:03,Shrine
1635.0,139.74980769650983,35.723180287090834,2012-04-26 18:31:48,2012-04-26 19:44:31,University
1635.0,139.7333264350891,35.756094425218826,2012-04-28 04:57:05,2012-04-28 17:28:03,Shrine
1635.0,139.74980769650983,35.723180287090834,2012-04-28 18:16:44,2012-04-28 19:49:28,University
1635.0,139.7334498167038,35.755926823250725,2012-04-30 06:03:19,2012-05-02 17:55:57,Other Great Outdoors
1635.0,139.73731950561,35.75484488497007,2012-05-02 20:02:48,2012-05-03 19:11:40,Subway
1635.0,139.7334498167038,35.755926823250725,2012-05-04 01:22:06,2012-05-05 15:37:43,Shrine
1635.0,139.77355794369137,35.69864914219976,2012-05-05 16:17:25,2012-05-05 17:41:26,Electronics Store
1635.0,139.7737616300583,35.70736621633773,2012-05-05 17:45:48,2012-05-05 18:55:55,Department Store
1635.0,139.7333264350891,35.756094425218826,2012-05-06 04:44:20,2012-05-07 18:16:16,Shrine
1635.0,139.7333264350891,35.756094425218826,2012-05-09 05:56:42,2012-05-09 17:41:16,Shrine
1635.0,139.75043162325957,35.72417692557531,2012-05-09 18:19:03,2012-05-09 21:22:00,University
1635.0,139.7333264350891,35.756094425218826,2012-05-12 05:58:43,2012-05-12 17:37:45,Shrine
1635.0,139.74964800582987,35.72344031333179,2012-05-12 18:09:08,2012-05-12 21:20:45,University
1635.0,139.7333264350891,35.756094425218826,2012-05-13 06:47:51,2012-05-13 18:06:40,Shrine
1635.0,139.7334498167038,35.755926823250725,2012-05-14 04:21:15,2012-05-14 18:18:44,Other Great Outdoors
1635.0,139.7333264350891,35.756094425218826,2012-05-15 05:10:12,2012-05-15 17:46:02,Shrine
1635.0,139.7333264350891,35.756094425218826,2012-05-16 04:34:39,2012-05-16 18:02:27,Shrine
1635.0,139.753634,35.724399,2012-05-17 21:26:40,2012-05-18 21:24:41,Subway
1635.0,139.7333264350891,35.756094425218826,2012-05-19 05:05:34,2012-05-19 17:57:40,Shrine
1635.0,139.74964800582987,35.72344031333179,2012-05-19 18:29:14,2012-05-19 19:56:06,University
1635.0,139.7333264350891,35.756094425218826,2012-05-20 06:08:41,2012-05-21 19:31:41,Shrine
1635.0,139.73337578773499,35.75602738443159,2012-05-22 09:37:59,2012-05-24 18:51:00,Shrine
1635.0,139.73342514038086,35.75596034364435,2012-05-25 18:53:01,2012-05-26 17:51:42,Shrine
1635.0,139.7334498167038,35.755926823250725,2012-05-28 03:58:07,2012-05-28 19:18:14,Other Great Outdoors
1635.0,139.750433991692,35.723898123631535,2012-05-28 20:13:49,2012-05-28 21:28:19,University
1635.0,139.7333264350891,35.756094425218826,2012-05-29 05:28:32,2012-05-29 18:00:45,Shrine
1635.0,139.74964800582987,35.72344031333179,2012-05-29 18:42:31,2012-05-29 19:47:11,University
1635.0,139.7334086894989,35.755982690573425,2012-05-30 05:11:27,2012-06-01 04:57:49,Shrine
1635.0,139.7059514582125,35.66815810225796,2012-06-01 17:55:48,2012-06-01 18:56:21,Gift Shop
1635.0,139.73300182113587,35.75564788216715,2012-06-05 19:47:49,2012-06-06 17:49:06,Convenience Store
1635.0,139.7334498167038,35.755926823250725,2012-06-07 05:48:41,2012-06-07 17:40:09,Other Great Outdoors
1635.0,139.74964800582987,35.72344031333179,2012-06-07 18:23:37,2012-06-07 19:42:35,University
1635.0,139.7333264350891,35.756094425218826,2012-06-08 05:05:54,2012-06-08 09:17:55,Shrine
1635.0,139.7333264350891,35.756094425218826,2012-06-09 04:55:48,2012-06-09 17:54:26,Shrine
1635.0,139.7492491531083,35.72338604946733,2012-06-09 18:34:57,2012-06-09 19:56:06,University
1635.0,139.7333264350891,35.756094425218826,2012-06-10 05:00:59,2012-06-10 18:31:40,Shrine
1635.0,139.73797657039552,35.752646806402865,2012-06-10 18:32:33,2012-06-10 19:04:55,Home (private)
1635.0,139.7334498167038,35.755926823250725,2012-06-11 04:05:30,2012-06-11 09:55:05,Other Great Outdoors
1635.0,139.75046930558085,35.72419086963592,2012-06-11 19:54:08,2012-06-11 21:37:19,College Academic Building
1635.0,139.73713517189026,35.754493215072344,2012-06-13 14:02:58,2012-06-13 19:29:49,Café
1635.0,139.7333264350891,35.756094425218826,2012-06-14 04:40:15,2012-06-14 17:25:24,Shrine
1635.0,139.74992201228346,35.723613293480575,2012-06-14 18:42:52,2012-06-14 19:43:58,University
1635.0,139.7504368674907,35.72412322929365,2012-06-15 20:01:30,2012-06-15 21:34:43,College Academic Building
1635.0,139.7333264350891,35.756094425218826,2012-06-18 06:21:07,2012-06-18 19:26:52,Shrine
1635.0,139.7333264350891,35.756094425218826,2012-06-19 05:04:06,2012-06-21 19:20:18,Shrine
1635.0,139.7333264350891,35.756094425218826,2012-06-27 05:17:52,2012-06-27 19:23:08,Shrine
1635.0,139.75036949618595,35.724219419849874,2012-06-27 20:05:27,2012-06-27 21:30:25,College Academic Building
1635.0,139.73404631293369,35.75511463783957,2012-06-28 00:02:48,2012-07-01 06:08:03,Convenience Store
1635.0,139.7504950897882,35.723980849754575,2012-07-02 18:24:34,2012-07-02 20:06:35,College Academic Building
1635.0,139.7333264350891,35.756094425218826,2012-07-03 03:53:12,2012-07-03 12:41:47,Shrine
1635.0,139.73684683442116,35.75412453715528,2012-07-03 13:27:47,2012-07-03 18:27:33,Convenience Store
1635.0,139.73342514038086,35.75596034364435,2012-07-04 06:12:40,2012-07-05 18:32:18,Other Great Outdoors
1635.0,139.74931236348476,35.7234270527727,2012-07-05 19:16:30,2012-07-05 19:45:11,College Academic Building
1635.0,139.7334086894989,35.755982690573425,2012-07-06 03:30:40,2012-07-06 19:47:04,Shrine
1635.0,139.7334909439087,35.755870955928025,2012-07-07 03:13:38,2012-07-07 09:37:33,Other Great Outdoors
1635.0,139.77907082684064,35.62482261762323,2012-07-07 21:04:19,2012-07-07 22:02:21,Mall
1635.0,139.7333264350891,35.756094425218826,2012-07-08 05:36:04,2012-07-08 19:25:18,Shrine
1635.0,139.7333264350891,35.756094425218826,2012-07-09 04:16:14,2012-07-09 19:22:12,Shrine
1635.0,139.7333264350891,35.756094425218826,2012-07-12 05:29:02,2012-07-12 18:01:49,Shrine
1635.0,139.7333264350891,35.756094425218826,2012-07-13 05:48:29,2012-07-13 19:46:46,Shrine
1635.0,139.7505537627946,35.723674592619304,2012-07-13 20:16:41,2012-07-13 20:31:42,University
1635.0,139.7334498167038,35.755926823250725,2012-07-13 22:41:47,2012-07-14 17:43:28,Other Great Outdoors
1635.0,139.7493290003757,35.723463884493654,2012-07-14 18:33:35,2012-07-14 20:10:07,College Academic Building
1635.0,139.7333264350891,35.756094425218826,2012-07-16 04:44:36,2012-07-16 19:26:15,Shrine
1635.0,139.74824802361988,35.72291753550693,2012-07-17 19:48:43,2012-07-17 20:58:12,College Academic Building
1635.0,139.7334498167038,35.755926823250725,2012-07-18 04:06:54,2012-07-24 19:28:51,Other Great Outdoors
1635.0,139.7333264350891,35.756094425218826,2012-07-28 09:01:38,2012-07-28 17:43:05,Shrine
1635.0,139.7333264350891,35.756094425218826,2012-07-29 05:19:30,2012-07-29 15:58:00,Shrine
1635.0,139.71107223142792,35.73055267237494,2012-07-29 19:55:45,2012-07-29 20:22:01,Department Store
1635.0,139.7334498167038,35.755926823250725,2012-07-30 05:04:42,2012-07-30 18:54:22,Other Great Outdoors
1635.0,139.71206028114986,35.730237696045776,2012-08-05 17:02:33,2012-08-05 19:13:05,Department Store
1635.0,139.7334086894989,35.755982690573425,2012-08-06 05:51:31,2012-08-09 18:29:01,Shrine
1635.0,139.7334498167038,35.755926823250725,2012-08-10 06:08:14,2012-08-10 18:54:15,Other Great Outdoors
1635.0,139.7334498167038,35.755926823250725,2012-08-11 04:55:37,2012-08-11 19:12:29,Other Great Outdoors
1635.0,139.7333264350891,35.756094425218826,2012-08-12 05:53:57,2012-08-12 18:33:29,Shrine
1635.0,139.7334610332142,35.75591158670817,2012-08-13 05:25:20,2012-08-20 04:15:51,Other Great Outdoors
1635.0,139.73404631293369,35.75511463783957,2012-09-05 19:38:16,2012-09-06 04:56:53,Convenience Store
1635.0,139.7345194275489,35.75447005439652,2012-09-06 04:58:25,2012-09-09 23:20:45,Convenience Store
1635.0,139.7333264350891,35.756094425218826,2012-09-15 04:04:05,2012-09-15 18:46:02,Shrine
1635.0,139.75048178177883,35.724269196460966,2012-10-08 18:26:01,2012-10-08 21:28:37,University
1635.0,139.7333264350891,35.756094425218826,2012-10-09 05:04:27,2012-10-12 17:39:37,Shrine
1635.0,139.7333264350891,35.756094425218826,2012-10-13 05:45:37,2012-10-13 17:47:52,Shrine
1635.0,139.74947372045463,35.72340312197481,2012-10-13 18:16:02,2012-10-13 19:55:13,College Academic Building
1635.0,139.749400111289,35.723256287335445,2012-10-16 18:57:17,2012-10-16 19:52:51,College Academic Building
1635.0,139.7334498167038,35.755926823250725,2012-10-17 04:39:24,2012-10-17 18:48:17,Other Great Outdoors
1635.0,139.753634,35.724399,2012-10-17 21:14:37,2012-10-19 21:25:57,Subway
1635.0,139.7333264350891,35.756094425218826,2012-10-20 04:35:18,2012-10-22 19:06:12,Shrine
1635.0,139.7502671919047,35.724031348993805,2012-10-22 19:42:31,2012-10-22 21:28:54,University
1635.0,139.7333264350891,35.756094425218826,2012-10-23 05:06:19,2012-10-23 19:25:21,Shrine
1635.0,139.7333264350891,35.756094425218826,2012-10-24 05:18:36,2012-10-24 18:02:07,Shrine
1635.0,139.7505291910969,35.72407837024707,2012-10-24 18:33:21,2012-10-24 19:40:16,College Academic Building
1635.0,139.7333264350891,35.756094425218826,2012-10-25 06:08:42,2012-10-25 17:31:09,Shrine
1635.0,139.7495785198629,35.72367256648063,2012-10-25 18:06:21,2012-10-25 21:27:26,University
1635.0,139.7330149247698,35.7568958304132,2012-10-26 04:42:50,2012-10-26 17:38:02,Garden
1635.0,139.75040692504578,35.723975912431584,2012-10-26 18:05:17,2012-10-26 19:48:35,University
1635.0,139.73308297462418,35.75575951793007,2012-10-27 05:18:21,2012-10-27 17:31:31,Convenience Store
1635.0,139.75018235495747,35.723585138589485,2012-10-27 18:02:40,2012-10-27 21:18:23,College Academic Building
1635.0,139.7334498167038,35.755926823250725,2012-10-28 08:10:51,2012-10-28 21:03:13,Other Great Outdoors
1635.0,139.7333264350891,35.756094425218826,2012-10-29 05:33:33,2012-10-29 18:56:29,Shrine
1635.0,139.7502671919047,35.724031348993805,2012-10-29 20:03:23,2012-10-29 21:33:24,University
1635.0,139.753634,35.724399,2012-10-29 21:33:35,2012-10-30 21:20:59,Subway
1635.0,139.7333264350891,35.756094425218826,2012-10-31 05:26:53,2012-10-31 18:01:59,Shrine
1635.0,139.74992784688723,35.723702178654705,2012-10-31 18:34:48,2012-10-31 19:53:18,College Academic Building
1635.0,139.7333264350891,35.756094425218826,2012-11-01 05:56:07,2012-11-01 19:47:26,Shrine
1635.0,139.73710135513124,35.7523640914122,2012-11-01 19:47:33,2012-11-05 20:56:08,Home (private)
1635.0,139.7333264350891,35.756094425218826,2012-11-06 06:07:19,2012-11-06 19:44:13,Shrine
1635.0,139.7495286138503,35.723430707288216,2012-11-08 18:44:31,2012-11-08 19:48:19,University
1635.0,139.73351150751114,35.755843022266674,2012-11-10 02:46:37,2012-11-11 09:53:38,Other Great Outdoors
1635.0,139.54922165413038,35.71674306842875,2012-11-11 11:44:09,2012-11-11 13:40:20,University
1635.0,139.54912052795703,35.716907446517574,2012-11-11 14:09:29,2012-11-11 14:28:43,College & University
1635.0,139.76131456090548,35.73760344664275,2012-11-11 16:12:03,2012-11-11 16:27:21,Coffee Shop
1635.0,139.7334086894989,35.755982690573425,2012-11-12 05:30:10,2012-11-12 19:01:51,Shrine
1635.0,139.7333264350891,35.756094425218826,2012-11-16 05:40:20,2012-11-16 17:44:55,Shrine
1635.0,139.75037698215988,35.72409952838968,2012-11-16 18:18:18,2012-11-16 21:27:23,University
1635.0,139.7333264350891,35.756094425218826,2012-11-17 04:43:03,2012-11-17 17:58:17,Shrine
1635.0,139.74947372045463,35.72340312197481,2012-11-17 18:24:07,2012-11-17 19:54:56,College Academic Building
1635.0,139.73684683442116,35.75412453715528,2012-11-17 21:54:40,2012-11-17 23:40:01,Subway
1635.0,139.73338812589645,35.756010624234776,2012-11-18 06:48:34,2012-11-20 22:29:01,Shrine
1635.0,139.7333264350891,35.756094425218826,2012-11-21 05:46:29,2012-11-21 19:21:52,Shrine
1635.0,139.75004262228651,35.72355399909058,2012-11-22 18:14:10,2012-11-22 20:33:04,University
1635.0,139.7498667133857,35.72363202712468,2012-11-24 18:13:09,2012-11-24 21:48:14,College Academic Building
1635.0,139.7333264350891,35.756094425218826,2012-11-26 03:42:46,2012-11-26 18:25:03,Shrine
1635.0,139.7333264350891,35.756094425218826,2012-12-01 04:48:50,2012-12-01 19:17:03,Shrine
1635.0,139.7334498167038,35.755926823250725,2012-12-03 03:46:55,2012-12-03 19:09:48,Other Great Outdoors
1635.0,139.7366912662983,35.755058335662,2012-12-04 21:22:59,2012-12-04 21:39:20,Scenic Lookout
1635.0,139.7333264350891,35.756094425218826,2012-12-05 03:39:29,2012-12-05 18:05:52,Shrine
1635.0,139.7505291910969,35.72407837024707,2012-12-05 18:47:13,2012-12-05 19:51:25,College Academic Building
1635.0,139.7495286138503,35.723430707288216,2012-12-06 18:21:26,2012-12-06 19:36:53,University
1635.0,139.75040692504578,35.723975912431584,2012-12-07 18:04:00,2012-12-07 19:45:45,University
1635.0,139.7333264350891,35.756094425218826,2012-12-08 04:58:50,2012-12-08 18:07:10,Shrine
1635.0,139.74970327819292,35.723533805628456,2012-12-08 18:33:36,2012-12-08 19:38:57,College Academic Building
1635.0,139.7334909439087,35.755870955928025,2012-12-09 04:24:25,2012-12-09 14:00:12,Other Great Outdoors
1635.0,139.7333264350891,35.756094425218826,2012-12-13 03:19:30,2012-12-13 17:45:02,Shrine
1635.0,139.74940219156994,35.72350066491153,2012-12-13 18:20:32,2012-12-13 19:44:52,University
1635.0,139.7333264350891,35.756094425218826,2012-12-15 05:10:52,2012-12-15 15:44:30,Shrine
1635.0,139.73297461476054,35.755602347764004,2012-12-16 04:48:50,2012-12-16 19:33:42,Convenience Store
1635.0,139.7502671919047,35.724031348993805,2012-12-17 20:10:08,2012-12-17 20:28:18,University
1635.0,139.7334498167038,35.755926823250725,2012-12-18 04:23:59,2012-12-18 19:19:05,Other Great Outdoors
1635.0,139.7334498167038,35.755926823250725,2012-12-19 04:44:10,2012-12-19 18:22:57,Other Great Outdoors
1635.0,139.7334498167038,35.755926823250725,2012-12-22 03:44:12,2012-12-22 17:42:37,Other Great Outdoors
1635.0,139.74932900037572,35.723463884493654,2012-12-22 18:14:35,2012-12-22 20:10:20,College Academic Building
1635.0,139.76935517336784,35.68154258360239,2012-12-28 17:02:24,2012-12-28 17:30:34,Train Station
1635.0,139.73384294059093,35.755385614114175,2012-12-31 04:12:37,2012-12-31 14:52:43,Other Great Outdoors
1635.0,139.73342514038086,35.75596034364435,2013-01-01 03:37:43,2013-01-02 12:00:00,Shrine
1635.0,139.7726368890671,35.69846435765716,2013-01-02 17:07:47,2013-01-02 18:58:26,Coffee Shop
1635.0,139.7333264350891,35.756094425218826,2013-01-04 05:13:17,2013-01-04 19:49:16,Shrine
1635.0,139.7333264350891,35.756094425218826,2013-01-05 04:01:50,2013-01-05 17:45:24,Shrine
1635.0,139.73347449302673,35.7558933028571,2013-01-06 06:22:20,2013-01-07 17:54:21,Shrine
1635.0,139.75078940462075,35.723835726564225,2013-01-07 18:15:59,2013-01-07 21:10:13,College Academic Building
1635.0,139.75054274310497,35.72373933055013,2013-01-09 18:35:43,2013-01-09 19:26:02,College Academic Building
1635.0,139.7495286138503,35.723430707288216,2013-01-10 18:19:25,2013-01-10 19:45:19,University
1635.0,139.75094974310497,35.72400383055013,2013-01-11 19:56:49,2013-01-11 21:20:12,College Academic Building
1635.0,139.7334498167038,35.755926823250725,2013-01-12 00:02:44,2013-01-12 17:45:16,Shrine
1635.0,139.7333264350891,35.756094425218826,2013-01-12 21:54:54,2013-01-15 18:28:30,Shrine
1635.0,139.7333264350891,35.756094425218826,2013-01-16 06:04:44,2013-01-16 17:57:32,Shrine
1635.0,139.75115300532383,35.72402290523465,2013-01-16 18:22:56,2013-01-16 19:34:08,College Academic Building
1635.0,139.74973072502303,35.72353542751409,2013-01-17 18:19:58,2013-01-17 21:00:40,University
1635.0,139.7333264350891,35.756094425218826,2013-01-17 21:42:18,2013-01-18 12:17:03,Shrine
1635.0,139.7333264350891,35.756094425218826,2013-01-18 12:52:20,2013-01-18 19:30:00,Shrine
1635.0,139.75094340592952,35.72384854352538,2013-01-21 19:39:16,2013-01-21 20:42:51,University
1635.0,139.75039943932762,35.723697797808796,2013-01-22 19:33:26,2013-01-22 21:40:20,College Academic Building
1635.0,139.7333264350891,35.756094425218826,2013-01-27 05:21:26,2013-01-27 13:56:24,Shrine
1635.0,139.72820579809934,35.76528665011849,2013-01-27 15:04:10,2013-01-27 18:41:45,Temple
1635.0,139.71024885342757,35.730070138820494,2013-01-30 14:21:26,2013-01-30 15:09:30,Clothing Store
1635.0,139.7286969423294,35.764865818435,2013-02-01 13:39:48,2013-02-01 18:02:05,Medical Center
1635.0,139.7333264350891,35.756094425218826,2013-02-02 04:45:07,2013-02-02 12:55:42,Shrine
1635.0,139.77110263362528,35.72798842482659,2013-02-03 08:08:19,2013-02-03 11:05:56,Train Station
1635.0,139.7333264350891,35.756094425218826,2013-02-04 01:40:06,2013-02-04 07:52:41,Shrine
1635.0,139.73410119334184,35.75503120856185,2013-02-05 23:08:30,2013-02-06 05:28:34,Convenience Store
1635.0,139.7334498167038,35.755926823250725,2013-02-07 04:10:10,2013-02-07 17:25:15,Other Great Outdoors
1635.0,139.7333264350891,35.756094425218826,2013-02-08 05:02:09,2013-02-08 19:34:12,Shrine
1635.0,139.7333264350891,35.756094425218826,2013-02-11 04:37:45,2013-02-11 18:49:30,Shrine
1635.0,139.7333264350891,35.756094425218826,2013-02-12 04:17:01,2013-02-12 17:28:22,Shrine
1635.0,139.73357319831848,35.755759221282624,2013-02-13 03:45:09,2013-02-13 10:31:26,Other Great Outdoors
1635.0,139.7333264350891,35.756094425218826,2013-02-14 05:23:39,2013-02-14 17:20:33,Shrine
2033.0,139.75801348686218,35.66594504725798,2012-05-17 11:32:54,2012-05-17 19:56:50,Train Station
2033.0,139.69920337200165,35.65965426299937,2012-07-07 20:27:51,2012-07-07 20:43:07,Train Station
2033.0,139.73659493921426,35.65553450289868,2012-10-17 01:53:40,2012-10-22 20:28:04,Neighborhood
2033.0,139.73659493921426,35.65553450289868,2012-10-25 02:48:14,2012-10-27 16:04:14,Neighborhood
2033.0,139.72921192646027,35.660512894632895,2012-10-31 23:18:40,2012-11-07 21:43:06,Mall
2033.0,139.69926087680818,35.65709217437713,2012-11-26 19:01:45,2012-12-01 16:49:01,Office
589.0,139.7474643588066,35.64633557426035,2012-04-06 23:08:36,2012-04-06 23:43:05,Subway
589.0,139.7892987728119,35.758588820546905,2012-04-14 08:02:59,2012-04-15 06:31:13,Bridge
589.0,139.7892987728119,35.758588820546905,2012-04-19 08:49:26,2012-04-20 12:17:45,Bridge
589.0,139.7671853005886,35.67792814977622,2012-04-21 21:18:26,2012-04-21 22:12:10,Road
589.0,139.7892987728119,35.758588820546905,2012-04-29 10:24:06,2012-04-29 13:44:37,Bridge
589.0,139.7474643588066,35.64633557426035,2012-05-11 22:55:42,2012-05-11 23:34:34,Subway
589.0,139.7892987728119,35.758588820546905,2012-05-14 13:12:20,2012-05-16 10:37:17,Bridge
2290.0,139.7338875220354,35.70031283258642,2012-04-04 15:58:07,2012-04-04 16:23:50,Coffee Shop
2290.0,139.56982869197398,35.74901158250266,2012-04-04 21:25:02,2012-04-05 08:13:14,Convenience Store
2290.0,139.56962968338738,35.74898856505233,2012-04-08 21:24:10,2012-04-09 08:07:27,Convenience Store
2290.0,139.73333838272424,35.709059636790954,2012-04-10 08:55:38,2012-04-11 08:15:31,Subway
2290.0,139.73148861438847,35.710490007806,2012-04-12 09:06:26,2012-04-12 18:53:57,Convenience Store
2290.0,139.73121672,35.71179245,2012-04-13 09:07:41,2012-04-13 18:50:31,Convenience Store
2290.0,139.72708569396013,35.710295882085106,2012-04-19 06:51:43,2012-04-19 07:12:42,Bridge
2290.0,139.56971923723194,35.748923776714776,2012-04-21 06:41:12,2012-04-21 18:37:34,Convenience Store
2290.0,139.72765978157696,35.71039744744151,2012-04-24 09:25:44,2012-04-24 15:48:07,Park
2290.0,139.6481058411121,35.7060078819371,2012-05-29 19:19:04,2012-05-29 21:25:16,Bar
2290.0,139.5700277005606,35.749034599952985,2012-05-30 00:37:34,2012-06-01 23:32:47,Convenience Store
2290.0,139.73035116827924,35.70989258386894,2012-06-07 09:08:28,2012-06-07 19:00:29,Convenience Store
2290.0,139.5851928103011,35.7498491555976,2012-06-10 12:55:32,2012-06-10 15:32:50,Sushi Restaurant
2290.0,139.72900990799445,35.71583383604898,2012-06-12 09:13:45,2012-06-12 21:08:32,Miscellaneous Shop
2290.0,139.7315581364882,35.7099329045888,2012-06-14 08:48:38,2012-06-14 18:39:20,Bridge
2290.0,139.71056535409133,35.73051432027081,2012-07-09 19:17:44,2012-07-09 19:34:11,Department Store
2290.0,139.7300441005441,35.70964783999755,2012-07-17 16:03:21,2012-07-17 23:20:59,Convenience Store
2290.0,139.73062055920397,35.710009253517015,2012-11-07 18:58:26,2012-11-07 20:53:36,Bridge
2290.0,139.7274899482727,35.71897398583766,2012-11-20 08:52:51,2012-11-20 19:52:58,Subway
2290.0,139.73347127437592,35.709470113886056,2013-01-29 21:07:29,2013-01-30 21:28:00,Subway
2290.0,139.7266262769699,35.71426574730637,2013-01-31 08:43:05,2013-02-01 09:13:45,Church
2290.0,139.72097800280474,35.715983433732596,2013-02-07 08:07:17,2013-02-07 12:47:49,Other Great Outdoors
471.0,139.7708049416542,35.69994877111185,2012-04-12 13:29:43,2012-04-12 15:02:43,General Entertainment
471.0,139.69737243949194,35.658447453807625,2012-04-14 15:13:07,2012-04-14 22:37:11,Dumpling Restaurant
471.0,139.7326601779309,35.66340482329934,2012-04-16 20:51:51,2012-04-18 22:05:16,Bar
471.0,139.7760920777388,35.6245391254651,2012-04-29 13:00:54,2012-04-29 18:54:23,Event Space
471.0,139.73252630762119,35.66335082977564,2012-05-02 18:21:55,2012-05-02 18:44:33,Subway
471.0,139.7714844344057,35.70022156187105,2012-05-05 17:55:20,2012-05-05 18:28:39,Electronics Store
471.0,139.77512482829474,35.71108550537292,2012-05-09 18:01:55,2012-05-09 22:41:26,Bar
471.0,139.69667673110962,35.66725086965674,2012-05-13 15:54:41,2012-05-13 19:36:09,General Entertainment
471.0,139.77512482829474,35.71108550537292,2012-05-17 01:37:17,2012-05-17 04:58:36,Bar
471.0,139.69639778137207,35.53180713686877,2012-05-22 18:16:52,2012-05-22 18:35:34,Train Station
471.0,139.77544091414737,35.71122170268646,2012-05-24 16:38:34,2012-05-24 17:06:07,Department Store
471.0,139.70098423185198,35.6955806975217,2012-05-27 12:35:41,2012-05-27 21:50:44,Music Venue
471.0,139.77512482829474,35.71108550537292,2012-06-03 20:16:52,2012-06-04 05:27:40,Bar
471.0,139.76019499533538,35.66468459489124,2012-06-09 07:52:07,2012-06-09 09:56:51,Coffee Shop
471.0,139.77645285841908,35.713503411587254,2012-06-10 04:47:50,2012-06-10 17:03:29,Train Station
471.0,139.77512482829474,35.71108550537292,2012-06-10 17:10:12,2012-06-11 00:35:44,Bar
471.0,139.77512482829474,35.71108550537292,2012-06-27 03:23:18,2012-06-27 20:58:57,Bar
471.0,139.77533998105716,35.71038670543206,2012-07-04 18:20:41,2012-07-04 20:41:16,Bar
471.0,139.7751005521965,35.711172336915276,2012-07-16 19:19:21,2012-07-20 22:55:07,Bar
471.0,139.78124678134918,35.62599571005672,2012-07-29 11:33:32,2012-07-29 13:21:29,Museum
471.0,139.77542687765273,35.710084403533706,2012-08-14 22:25:50,2012-08-15 01:55:50,Bar
471.0,139.77512482829474,35.71108550537292,2012-10-23 20:58:41,2012-10-25 17:04:38,Bar
471.0,139.77512482829474,35.71108550537292,2012-10-29 20:39:49,2012-10-31 18:38:22,Bar
471.0,139.66754794120789,35.661875462249405,2012-11-01 18:14:45,2012-11-01 18:33:52,Train Station
471.0,139.70712527632713,35.69060710038126,2012-11-05 21:22:33,2012-11-05 21:38:00,Ramen /  Noodle House
471.0,139.77512482829474,35.71108550537292,2012-11-06 02:39:33,2012-11-06 23:35:41,Bar
471.0,139.77510596371977,35.707641333625524,2012-11-17 19:18:43,2012-11-17 21:01:27,Park
471.0,139.7752568325777,35.710650232042966,2012-11-18 21:32:28,2012-11-21 21:15:48,Bar
471.0,139.58165287971497,35.70522523497969,2012-11-23 14:58:36,2012-11-23 15:31:44,Bar
471.0,139.70112919807434,35.689504808351856,2012-11-26 18:44:29,2012-11-26 19:04:13,General Travel
471.0,139.73585307598114,35.62770726807566,2012-12-15 15:58:53,2012-12-15 16:49:06,Movie Theater
471.0,139.77555564386176,35.710849972651964,2012-12-28 19:16:45,2012-12-30 07:39:22,Bar
471.0,139.77505030248355,35.710978548915755,2012-12-30 20:19:42,2012-12-30 21:59:57,Bar
471.0,139.7328530838032,35.663422332717175,2013-01-08 19:56:52,2013-01-08 20:28:17,Convenience Store
471.0,139.77546764100646,35.711140154871934,2013-02-03 03:19:50,2013-02-04 00:09:24,Bar
471.0,139.66697545484175,35.661127465721066,2013-02-07 16:57:43,2013-02-07 18:12:17,Café
471.0,139.6957889199257,35.65831980528986,2013-02-08 15:38:30,2013-02-08 18:16:55,Music Venue
471.0,139.77537590285823,35.71106646485366,2013-02-11 05:11:44,2013-02-12 20:24:44,Bar
471.0,139.73536491394043,35.67253276550082,2013-02-14 17:14:29,2013-02-14 18:47:09,Concert Hall
886.0,139.72855277359486,35.619699172885795,2012-04-04 18:25:57,2012-04-05 09:12:49,Train Station
886.0,139.72855277359486,35.619699172885795,2012-04-05 19:05:09,2012-04-08 10:36:06,Train Station
886.0,139.72868844866753,35.619905216982424,2012-04-08 18:16:04,2012-04-10 09:12:15,Train Station
886.0,139.72785506397486,35.61997771408571,2012-04-10 20:28:02,2012-04-11 09:12:38,Food & Drink Shop
886.0,139.75588340557223,35.64048654036485,2012-04-11 12:10:08,2012-04-11 12:21:36,Japanese Restaurant
886.0,139.72855277359486,35.619699172885795,2012-04-11 20:22:22,2012-04-12 09:13:48,Train Station
886.0,139.75588340557223,35.64048654036485,2012-04-12 12:15:30,2012-04-12 12:26:04,Japanese Restaurant
886.0,139.7475689649582,35.645731813210055,2012-04-13 09:24:10,2012-04-13 18:20:51,Train Station
886.0,139.77411316095746,35.69871085845261,2012-04-16 18:51:17,2012-04-16 20:09:00,Electronics Store
886.0,139.72943387925625,35.619794381315764,2012-04-16 20:36:48,2012-04-16 20:54:27,Train Station
886.0,139.72855277359486,35.619699172885795,2012-04-17 18:30:51,2012-04-18 09:13:34,Train Station
886.0,139.72871471196413,35.619464237410284,2012-04-19 19:02:40,2012-04-20 09:13:43,Clothing Store
886.0,139.7288368867974,35.6201915864429,2012-04-21 18:40:00,2012-04-21 19:17:57,Train Station
886.0,139.7711017727852,35.70017348280903,2012-04-23 20:04:22,2012-04-23 20:32:00,Recycling Facility
886.0,139.72855277359486,35.619699172885795,2012-04-23 21:23:16,2012-04-24 09:13:15,Train Station
886.0,139.72855277359486,35.619699172885795,2012-04-24 19:40:17,2012-04-26 09:14:05,Train Station
886.0,139.7475689649582,35.645731813210055,2012-04-28 09:24:42,2012-04-28 18:27:56,Train Station
886.0,139.77268175541317,35.699228543121556,2012-04-28 18:40:45,2012-04-28 21:28:54,Train Station
886.0,139.7784351486791,35.69060142419154,2012-05-02 13:31:16,2012-05-02 14:34:42,Train Station
886.0,139.7707164287567,35.69862551664522,2012-05-02 17:13:17,2012-05-02 17:58:13,Internet Cafe
886.0,139.82582681521606,35.698043245535665,2012-05-04 19:46:11,2012-05-05 11:10:12,Train Station
886.0,139.77140575647354,35.69970590166698,2012-05-05 16:02:42,2012-05-05 17:04:14,Bookstore
886.0,139.72891185432673,35.62000823903074,2012-05-05 21:10:24,2012-05-07 09:08:25,Food & Drink Shop
886.0,139.7720390000784,35.69879055871738,2012-05-08 20:54:56,2012-05-08 21:47:43,Bookstore
886.0,139.72855277359486,35.619699172885795,2012-05-08 22:10:19,2012-05-09 09:16:22,Train Station
886.0,139.7475689649582,35.645731813210055,2012-05-09 09:24:08,2012-05-09 18:18:52,Train Station
886.0,139.7475689649582,35.645731813210055,2012-05-12 09:23:06,2012-05-12 19:22:54,Train Station
886.0,139.7720390000784,35.69879055871738,2012-05-13 20:11:52,2012-05-13 20:55:07,Bookstore
886.0,139.72855277359486,35.619699172885795,2012-05-13 21:19:26,2012-05-14 09:07:02,Train Station
886.0,139.7288340702653,35.62000823903074,2012-05-14 18:24:09,2012-05-15 09:11:02,Train Station
886.0,139.7475689649582,35.645731813210055,2012-05-19 09:17:28,2012-05-19 18:17:17,Train Station
886.0,139.77349275736447,35.69935035359718,2012-05-19 18:28:48,2012-05-19 18:56:12,Train Station
886.0,139.74570078203442,35.64658110012484,2012-05-22 19:00:09,2012-05-22 19:32:57,Fast Food Restaurant
886.0,139.7289278358221,35.62011126107905,2012-05-22 20:01:54,2012-05-22 20:19:58,Train Station
886.0,139.72855277359486,35.619699172885795,2012-05-25 18:27:56,2012-05-26 09:10:29,Train Station
886.0,139.72855277359486,35.619699172885795,2012-05-26 18:24:49,2012-05-27 12:19:32,Train Station
886.0,139.72891185432673,35.62000823903074,2012-05-27 16:31:43,2012-05-27 16:46:05,Train Station
886.0,139.74793642759323,35.64539178491954,2012-05-28 20:16:18,2012-05-28 20:30:18,Ramen /  Noodle House
886.0,139.7288618375993,35.61993638938688,2012-05-28 20:42:04,2012-05-29 09:10:36,Train Station
886.0,139.74920511245728,35.64338319541477,2012-05-29 20:11:43,2012-05-29 20:57:28,Internet Cafe
886.0,139.72891185432673,35.62000823903074,2012-06-01 18:29:58,2012-06-01 18:54:27,Train Station
886.0,139.72463679808786,35.613842880745885,2012-06-03 15:07:34,2012-06-04 18:09:16,Convenience Store
886.0,139.74917092764716,35.64330201639535,2012-06-05 09:10:08,2012-06-05 18:18:51,Convenience Store
886.0,139.72891185432673,35.62000823903074,2012-06-05 19:08:11,2012-06-05 19:31:31,Train Station
886.0,139.72855277359486,35.619699172885795,2012-06-06 18:29:26,2012-06-07 09:07:37,Train Station
886.0,139.77481068033217,35.707006252217155,2012-06-09 18:38:44,2012-06-09 18:57:58,Train Station
886.0,139.77349275736447,35.69935035359718,2012-06-09 21:57:13,2012-06-09 23:26:46,Bar
886.0,139.71627269854736,35.61534797001558,2012-06-10 22:09:55,2012-06-10 22:29:30,Japanese Restaurant
886.0,139.72891185432673,35.62000823903074,2012-06-11 18:25:02,2012-06-11 18:36:13,Train Station
886.0,139.72891185432673,35.62000823903074,2012-06-12 18:28:45,2012-06-13 09:08:47,Food & Drink Shop
886.0,139.72855277359486,35.619699172885795,2012-06-13 18:27:42,2012-06-14 09:08:58,Train Station
886.0,139.71908189356327,35.61496599628377,2012-06-17 21:25:29,2012-06-17 21:58:28,Food & Drink Shop
886.0,139.7205355685076,35.61458023716703,2012-06-18 19:58:29,2012-06-18 20:11:00,Food & Drink Shop
886.0,139.72855277359486,35.619699172885795,2012-06-19 18:28:52,2012-06-21 09:11:05,Train Station
886.0,139.7475689649582,35.645731813210055,2012-06-21 09:22:08,2012-06-21 18:18:14,Train Station
886.0,139.71774213016033,35.615177504217286,2012-06-25 18:32:10,2012-06-25 18:47:18,Food & Drink Shop
886.0,139.7475689649582,35.645731813210055,2012-06-27 09:19:19,2012-06-27 18:20:10,Train Station
886.0,139.72911536693573,35.620317305175675,2012-06-27 18:29:39,2012-06-27 18:41:49,Miscellaneous Shop
886.0,139.72855277359486,35.619699172885795,2012-07-02 18:24:39,2012-07-03 09:09:12,Train Station
886.0,139.7284852154553,35.62014750963069,2012-07-03 18:31:43,2012-07-04 09:19:25,Food & Drink Shop
886.0,139.7475689649582,35.645731813210055,2012-07-04 09:25:47,2012-07-04 18:20:25,Train Station
886.0,139.72855277359486,35.619699172885795,2012-07-04 18:27:00,2012-07-05 09:17:05,Train Station
886.0,139.72891185432673,35.62000823903074,2012-07-05 19:08:15,2012-07-06 09:09:37,Food & Drink Shop
886.0,139.72855277359486,35.619699172885795,2012-07-06 18:30:25,2012-07-07 09:16:52,Train Station
886.0,139.7539153258142,35.64060595804922,2012-07-07 09:35:14,2012-07-07 15:39:12,Convenience Store
886.0,139.72855277359486,35.619699172885795,2012-07-07 15:45:12,2012-07-07 17:58:44,Train Station
886.0,139.77511052369545,35.70808461581909,2012-07-07 18:19:25,2012-07-07 18:50:43,Train Station
886.0,139.7738065758192,35.698937587316564,2012-07-07 22:03:48,2012-07-07 22:38:46,Coffee Shop
886.0,139.7175227433653,35.61501975255547,2012-07-08 13:44:09,2012-07-08 13:58:43,Donut Shop
886.0,139.7475689649582,35.645731813210055,2012-07-09 09:24:30,2012-07-09 18:16:01,Train Station
886.0,139.72855277359486,35.619699172885795,2012-07-09 18:27:01,2012-07-11 09:13:09,Train Station
886.0,139.7739633639079,35.69937674459069,2012-07-15 18:03:54,2012-07-15 20:48:00,Train Station
886.0,139.77044329478645,35.700268335604,2012-07-16 15:07:14,2012-07-16 16:51:36,Indian Restaurant
886.0,139.72855277359486,35.619699172885795,2012-07-16 17:41:59,2012-07-17 09:06:04,Train Station
886.0,139.7475689649582,35.645731813210055,2012-07-21 09:26:54,2012-07-24 18:17:28,Train Station
886.0,139.72855277359486,35.619699172885795,2012-07-24 18:25:27,2012-07-28 09:17:06,Train Station
886.0,139.72855277359486,35.619699172885795,2012-07-28 18:28:19,2012-07-28 19:50:25,Train Station
886.0,139.77517718033218,35.70812375221716,2012-07-28 20:21:08,2012-07-28 22:39:20,Seafood Restaurant
886.0,139.77256136028404,35.69869253776913,2012-07-29 16:08:57,2012-07-29 18:18:58,Train Station
886.0,139.7475689649582,35.645731813210055,2012-07-30 09:15:47,2012-07-30 18:16:49,Train Station
886.0,139.72785506397486,35.61997771408571,2012-07-30 18:25:40,2012-08-06 09:17:06,Food & Drink Shop
886.0,139.72860597074032,35.61973623783095,2012-08-09 19:43:38,2012-08-10 09:29:31,Miscellaneous Shop
886.0,139.7575406015398,35.66711577241634,2012-08-18 18:26:19,2012-08-18 23:30:34,Train Station
886.0,139.7475689649582,35.645731813210055,2012-08-20 09:15:53,2012-08-20 18:17:12,Train Station
886.0,139.72855277359486,35.619699172885795,2012-08-20 18:24:12,2012-09-06 09:14:52,Train Station
886.0,139.74793642759323,35.64539178491954,2012-09-13 20:55:04,2012-09-13 21:07:23,Ramen /  Noodle House
886.0,139.73871231079102,35.6282272323851,2012-09-15 20:24:53,2012-09-15 20:41:46,Train Station
886.0,139.72855277359486,35.619699172885795,2012-12-29 09:16:42,2012-12-30 05:38:29,Train Station
886.0,139.72855277359486,35.619699172885795,2012-12-31 14:52:57,2012-12-31 23:13:41,Train Station
886.0,139.7285826680319,35.613662816961764,2013-01-02 16:22:11,2013-01-03 11:00:42,Convenience Store
886.0,139.77183507143414,35.699181348840185,2013-01-04 20:40:39,2013-01-07 21:21:57,Bookstore
886.0,139.77381998686428,35.69880580615286,2013-01-26 21:04:46,2013-01-27 05:47:53,Electronics Store
