uid,vid,vcid,vname,lat,lon,offset,utctime
2290,4e538e91483b944199dede7a,4d954b0ea243a5684a65b473,Convenience Store,35.75075115767742,139.58205904281434,540,Tue Apr 03 20:08:42 +0000 2012
2290,4b53b05ef964a520e8a727e3,4bf58dd8d48988d129951735,Train Station,35.74953810235406,139.5865398645401,540,Tue Apr 03 20:14:18 +0000 2012
2290,4b6e3e46f964a520e2b32ce3,4bf58dd8d48988d129951735,Train Station,35.729025427145416,139.71109628677368,540,Tue Apr 03 20:28:32 +0000 2012
2290,4b678b3bf964a52090542be3,4bf58dd8d48988d129951735,Train Station,35.730227334361864,139.71116065979004,540,Tue Apr 03 20:37:17 +0000 2012
2290,4b4f2be8f964a52025fc26e3,4bf58dd8d48988d129951735,Train Station,35.73792607790286,139.76102828979492,540,Tue Apr 03 20:53:51 +0000 2012
2290,4b56cff7f964a520df1b28e3,4bf58dd8d48988d129951735,Train Station,35.74660804374419,139.74690914154053,540,Tue Apr 03 20:57:09 +0000 2012
2290,4b80998df964a520128030e3,4bf58dd8d48988d163941735,Park,35.74576340058102,139.74437713623047,540,Tue Apr 03 21:03:45 +0000 2012
2290,4b22e781f964a520075024e3,4bf58dd8d48988d1fd931735,Subway,35.71897398583766,139.7274899482727,540,Tue Apr 03 23:47:44 +0000 2012
2290,4b74ebd5f964a52024f82de3,4bf58dd8d48988d130941735,Building,35.713807090572814,139.7312153240814,540,Tue Apr 03 23:53:15 +0000 2012
2290,4b5cfc92f964a520d84d29e3,4bf58dd8d48988d1e0931735,Coffee Shop,35.70022866780262,139.73345518112183,540,Wed Apr 04 06:58:07 +0000 2012
2290,4be3952ed27a20a1e9bb925b,4bf58dd8d48988d100941735,Convention Center,35.70039699737023,139.73431986294892,540,Wed Apr 04 07:23:50 +0000 2012
2290,4f03e2b26da1b97b15c5db7f,4d954b0ea243a5684a65b473,Convenience Store,35.74898856505233,139.56962968338738,540,Wed Apr 04 12:25:02 +0000 2012
2290,4f03e2b26da1b97b15c5db7f,4d954b0ea243a5684a65b473,Convenience Store,35.749034599952985,139.5700277005606,540,Wed Apr 04 23:13:14 +0000 2012
2290,4b22e836f964a520185024e3,4bf58dd8d48988d1fd931735,Subway,35.709470113886056,139.73347127437592,540,Wed Apr 04 23:51:36 +0000 2012
2290,4bde28fc6198c9b65d3d13ff,4bf58dd8d48988d1df941735,Bridge,35.71035867067667,139.73125164180038,540,Wed Apr 04 23:58:09 +0000 2012
2290,4e90845700397905108138a6,4bf58dd8d48988d1df941735,Bridge,35.71038265673452,139.72605764865875,540,Thu Apr 05 00:09:35 +0000 2012
2290,4e84faa5dab45bbd261a6917,4bf58dd8d48988d1df941735,Bridge,35.71197903711713,139.72326815128326,540,Thu Apr 05 00:15:33 +0000 2012
2290,4e1e892152b1bdc463e41799,4bf58dd8d48988d1df941735,Bridge,35.7102091074357,139.72811373926152,540,Thu Apr 05 00:23:03 +0000 2012
2290,4b5e6f34f964a520928e29e3,4bf58dd8d48988d16e941735,Fast Food Restaurant,35.709849070895864,139.7308748960495,540,Thu Apr 05 09:46:15 +0000 2012
2290,4c2ea0e016adc928a54ebc9c,4d954b0ea243a5684a65b473,Convenience Store,35.7104414598533,139.740332365036,540,Thu Apr 05 10:03:55 +0000 2012
2290,4e0e98c552b1b27c1b891f9a,4bf58dd8d48988d162941735,Other Great Outdoors,35.71512362217408,139.7389948401568,540,Thu Apr 05 10:11:33 +0000 2012
2290,4baeaa93f964a520b1cc3be3,4bf58dd8d48988d159941735,Other Great Outdoors,35.71625812794579,139.74143974557154,540,Thu Apr 05 10:14:23 +0000 2012
2290,4b22e836f964a520185024e3,4bf58dd8d48988d1fd931735,Subway,35.709470113886056,139.73347127437592,540,Fri Apr 06 13:11:38 +0000 2012
2290,4e538e91483b944199dede7a,4d954b0ea243a5684a65b473,Convenience Store,35.75075115767742,139.58205904281434,540,Sun Apr 08 00:02:17 +0000 2012
2290,4b53b05ef964a520e8a727e3,4bf58dd8d48988d129951735,Train Station,35.74953810235406,139.5865398645401,540,Sun Apr 08 00:07:51 +0000 2012
2290,4b766665f964a520074b2ee3,4bf58dd8d48988d1fd931735,Subway,35.729391226913904,139.71004486083984,540,Sun Apr 08 00:34:44 +0000 2012
2290,4b22e781f964a520075024e3,4bf58dd8d48988d1fd931735,Subway,35.71897398583766,139.7274899482727,540,Sun Apr 08 00:42:47 +0000 2012
2290,4ce3860eef2db60c6d17c15b,4bf58dd8d48988d118951735,Food & Drink Shop,35.719534,139.726768,540,Sun Apr 08 00:48:56 +0000 2012
2290,4b9c8c7cf964a520946f36e3,4bf58dd8d48988d15f941735,Other Great Outdoors,35.71526694794455,139.72197311032667,540,Sun Apr 08 00:55:47 +0000 2012
2290,4b6d0803f964a520e3632ce3,4bf58dd8d48988d163941735,Park,35.71675594428928,139.7400426444198,540,Sun Apr 08 02:39:48 +0000 2012
2290,4b563a05f964a520430628e3,4bf58dd8d48988d129951735,Train Station,35.74830601061255,139.56767320632937,540,Sun Apr 08 12:21:03 +0000 2012
2290,4f03e2b26da1b97b15c5db7f,4d954b0ea243a5684a65b473,Convenience Store,35.74898856505233,139.56962968338738,540,Sun Apr 08 12:24:10 +0000 2012
2290,4f03e2b26da1b97b15c5db7f,4d954b0ea243a5684a65b473,Convenience Store,35.74898856505233,139.56962968338738,540,Sun Apr 08 23:07:27 +0000 2012
2290,4b4f1e78f964a520b7fa26e3,4bf58dd8d48988d129951735,Train Station,35.74054023732303,139.61697354912758,540,Sun Apr 08 23:23:37 +0000 2012
2290,4b91f33af964a520c6e033e3,4bf58dd8d48988d129951735,Train Station,35.73781504362258,139.65356022119522,540,Mon Apr 09 12:11:18 +0000 2012
2290,4e538e91483b944199dede7a,4d954b0ea243a5684a65b473,Convenience Store,35.75075115767742,139.58205904281434,540,Mon Apr 09 23:14:05 +0000 2012
2290,4b53b05ef964a520e8a727e3,4bf58dd8d48988d129951735,Train Station,35.74953810235406,139.5865398645401,540,Mon Apr 09 23:22:43 +0000 2012
2290,4b91f33af964a520c6e033e3,4bf58dd8d48988d129951735,Train Station,35.73781504362258,139.65356022119522,540,Mon Apr 09 23:31:43 +0000 2012
2290,4b22e836f964a520185024e3,4bf58dd8d48988d1fd931735,Subway,35.709470113886056,139.73347127437592,540,Mon Apr 09 23:55:38 +0000 2012
2290,4b22e836f964a520185024e3,4bf58dd8d48988d1fd931735,Subway,35.709470113886056,139.73347127437592,540,Tue Apr 10 23:06:35 +0000 2012
2290,4d362c4d48098cfacbfb4317,4bf58dd8d48988d1c4941735,Restaurant,35.70823868260076,139.7330725994209,540,Tue Apr 10 23:15:31 +0000 2012
2290,4b2438f3f964a520116424e3,4bf58dd8d48988d129951735,Train Station,35.7437954343205,139.67858791351318,540,Wed Apr 11 09:28:51 +0000 2012
2290,4da17b9c2939b1f74202f656,4bf58dd8d48988d1bc941735,Cupcake Shop,35.74881295347656,139.56956003065946,540,Wed Apr 11 09:59:07 +0000 2012
2290,4f03e2b26da1b97b15c5db7f,4d954b0ea243a5684a65b473,Convenience Store,35.74898856505233,139.56962968338738,540,Wed Apr 11 10:03:04 +0000 2012
2290,4b22e836f964a520185024e3,4bf58dd8d48988d1fd931735,Subway,35.709470113886056,139.73347127437592,540,Wed Apr 11 23:56:00 +0000 2012
2290,4caf267075ebb60cfcbfb9ad,4d954b0ea243a5684a65b473,Convenience Store,35.71109582,139.7313165,540,Thu Apr 12 00:06:26 +0000 2012
2290,4c493e0f9e3e2d7f385e8148,4bf58dd8d48988d10a951735,Bank,35.709884195612005,139.73166072877697,540,Thu Apr 12 09:53:57 +0000 2012
2290,4be12360c1732d7fdf595b9a,4bf58dd8d48988d1ff941735,Miscellaneous Shop,35.7151281466818,139.7397422790527,540,Thu Apr 12 10:18:21 +0000 2012
2290,4b6d0803f964a520e3632ce3,4bf58dd8d48988d163941735,Park,35.71675594428928,139.7400426444198,540,Thu Apr 12 10:21:08 +0000 2012
2290,4b555ddcf964a52086e227e3,4bf58dd8d48988d1fd931735,Subway,35.71715461737457,139.73689928717775,540,Thu Apr 12 12:16:03 +0000 2012
2290,4b6e3e46f964a520e2b32ce3,4bf58dd8d48988d129951735,Train Station,35.729025427145416,139.71109628677368,540,Thu Apr 12 12:26:03 +0000 2012
2290,4e538e91483b944199dede7a,4d954b0ea243a5684a65b473,Convenience Store,35.75075115767742,139.58205904281434,540,Thu Apr 12 23:14:24 +0000 2012
2290,4b53b05ef964a520e8a727e3,4bf58dd8d48988d129951735,Train Station,35.74953810235406,139.5865398645401,540,Thu Apr 12 23:21:23 +0000 2012
2290,4b74ebd5f964a52024f82de3,4bf58dd8d48988d130941735,Building,35.713807090572814,139.7312153240814,540,Fri Apr 13 00:04:01 +0000 2012
2290,4caf267075ebb60cfcbfb9ad,4d954b0ea243a5684a65b473,Convenience Store,35.71109582,139.7313165,540,Fri Apr 13 00:07:41 +0000 2012
2290,4c836805dc018cfaa16dd86c,4eb1d80a4b900d56c88a45ff,Shrine,35.71248908,139.73111694,540,Fri Apr 13 09:50:31 +0000 2012
2290,4d2e688a5d4ca1cd8536181b,4bf58dd8d48988d1c4941735,Restaurant,35.7172666826442,139.7284984588623,540,Fri Apr 13 09:55:53 +0000 2012
2290,4b583b37f964a520d24e28e3,4bf58dd8d48988d13a941735,Temple,35.72176134100471,139.72567677497864,540,Fri Apr 13 10:00:58 +0000 2012
2290,4b5d8be4f964a520fd6029e3,4bf58dd8d48988d130941735,Building,35.72649882708412,139.71876586996194,540,Fri Apr 13 10:15:56 +0000 2012
2290,4f03e2b26da1b97b15c5db7f,4d954b0ea243a5684a65b473,Convenience Store,35.74898856505233,139.56962968338738,540,Fri Apr 13 14:03:33 +0000 2012
2290,4b91f33af964a520c6e033e3,4bf58dd8d48988d129951735,Train Station,35.73781504362258,139.65356022119522,540,Mon Apr 16 13:02:39 +0000 2012
2290,4b563a05f964a520430628e3,4bf58dd8d48988d129951735,Train Station,35.74830601061255,139.56767320632937,540,Mon Apr 16 13:33:10 +0000 2012
2290,4b22e836f964a520185024e3,4bf58dd8d48988d1fd931735,Subway,35.709470113886056,139.73347127437592,540,Tue Apr 17 11:36:12 +0000 2012
2290,4b2438f3f964a520116424e3,4bf58dd8d48988d129951735,Train Station,35.7437954343205,139.67858791351318,540,Tue Apr 17 11:51:03 +0000 2012
2290,4b91f33af964a520c6e033e3,4bf58dd8d48988d129951735,Train Station,35.73781504362258,139.65356022119522,540,Tue Apr 17 11:58:52 +0000 2012
2290,4bc028c6b492d13a70f7a360,4bf58dd8d48988d1f9941735,Food & Drink Shop,35.749339877938745,139.57461504322885,540,Tue Apr 17 12:40:18 +0000 2012
2290,4e538e91483b944199dede7a,4d954b0ea243a5684a65b473,Convenience Store,35.75075115767742,139.58205904281434,540,Tue Apr 17 20:10:17 +0000 2012
2290,4b678b3bf964a52090542be3,4bf58dd8d48988d129951735,Train Station,35.730227334361864,139.71116065979004,540,Tue Apr 17 20:41:00 +0000 2012
2290,4b4f2be8f964a52025fc26e3,4bf58dd8d48988d129951735,Train Station,35.73792607790286,139.76102828979492,540,Tue Apr 17 20:50:49 +0000 2012
2290,4b56cff7f964a520df1b28e3,4bf58dd8d48988d129951735,Train Station,35.74660804374419,139.74690914154053,540,Tue Apr 17 20:56:51 +0000 2012
2290,4b80998df964a520128030e3,4bf58dd8d48988d163941735,Park,35.74576340058102,139.74437713623047,540,Tue Apr 17 21:02:18 +0000 2012
2290,4b22e781f964a520075024e3,4bf58dd8d48988d1fd931735,Subway,35.71897398583766,139.7274899482727,540,Tue Apr 17 23:45:41 +0000 2012
2290,4bde28fc6198c9b65d3d13ff,4bf58dd8d48988d1df941735,Bridge,35.71056573765681,139.73140130743988,540,Wed Apr 18 00:10:44 +0000 2012
2290,4e1e892152b1bdc463e41799,4bf58dd8d48988d1df941735,Bridge,35.7102091074357,139.72811373926152,540,Wed Apr 18 00:16:42 +0000 2012
2290,4b53b05ef964a520e8a727e3,4bf58dd8d48988d129951735,Train Station,35.74953810235406,139.5865398645401,540,Wed Apr 18 21:06:48 +0000 2012
2290,4b22e836f964a520185024e3,4bf58dd8d48988d1fd931735,Subway,35.709470113886056,139.73347127437592,540,Wed Apr 18 21:42:25 +0000 2012
2290,4bb2bed24019a593e94937b8,4bf58dd8d48988d163941735,Park,35.71041214901122,139.72878720195567,540,Wed Apr 18 21:49:11 +0000 2012
2290,4e1e892152b1bdc463e41799,4bf58dd8d48988d1df941735,Bridge,35.7102091074357,139.72811373926152,540,Wed Apr 18 21:51:43 +0000 2012
2290,4e90845700397905108138a6,4bf58dd8d48988d1df941735,Bridge,35.71038265673452,139.72605764865875,540,Wed Apr 18 22:12:42 +0000 2012
2290,4b584f93f964a520235228e3,4bf58dd8d48988d1fc931735,Light Rail,35.711841832419346,139.71892297267914,540,Wed Apr 18 22:29:35 +0000 2012
2290,4b5e5df2f964a5208e8b29e3,4bf58dd8d48988d111941735,Japanese Restaurant,35.70663,139.719079,540,Wed Apr 18 22:41:37 +0000 2012
2290,4b72495ef964a520c3762de3,4bf58dd8d48988d163941735,Park,35.754444511695226,139.62865591049194,540,Thu Apr 19 10:41:32 +0000 2012
2290,4bc9566e0687ef3b19e7d9cc,4bf58dd8d48988d10b951735,Video Game Store,35.74875879566002,139.56908404827118,540,Thu Apr 19 22:19:02 +0000 2012
2290,4b563a05f964a520430628e3,4bf58dd8d48988d129951735,Train Station,35.74830601061255,139.56767320632937,540,Thu Apr 19 22:23:24 +0000 2012
2290,4caf267075ebb60cfcbfb9ad,4d954b0ea243a5684a65b473,Convenience Store,35.71128049674808,139.7313663854235,540,Thu Apr 19 23:14:14 +0000 2012
2290,4f03e2b26da1b97b15c5db7f,4d954b0ea243a5684a65b473,Convenience Store,35.749034599952985,139.5698784438044,540,Fri Apr 20 21:41:12 +0000 2012
2290,4da17b9c2939b1f74202f656,4bf58dd8d48988d1bc941735,Cupcake Shop,35.74881295347656,139.56956003065946,540,Sat Apr 21 09:37:34 +0000 2012
2290,4b91f33af964a520c6e033e3,4bf58dd8d48988d129951735,Train Station,35.73781504362258,139.65356022119522,540,Mon Apr 23 10:19:19 +0000 2012
2290,4f03e2b26da1b97b15c5db7f,4d954b0ea243a5684a65b473,Convenience Store,35.749034599952985,139.5698784438044,540,Mon Apr 23 10:42:00 +0000 2012
2290,4b84af55f964a520fe4031e3,4bf58dd8d48988d1ff941735,Miscellaneous Shop,35.71601667209796,139.7289568159889,540,Tue Apr 24 00:11:45 +0000 2012
2290,4bb2bed24019a593e94937b8,4bf58dd8d48988d163941735,Park,35.71058578744731,139.72720582389238,540,Tue Apr 24 00:25:44 +0000 2012
2290,4e1e892152b1bdc463e41799,4bf58dd8d48988d1df941735,Bridge,35.7102091074357,139.72811373926152,540,Tue Apr 24 06:48:07 +0000 2012
2290,4f03e2b26da1b97b15c5db7f,4d954b0ea243a5684a65b473,Convenience Store,35.749034599952985,139.5698784438044,540,Tue Apr 24 23:25:27 +0000 2012
2290,4b563a05f964a520430628e3,4bf58dd8d48988d129951735,Train Station,35.74830601061255,139.56767320632937,540,Tue Apr 24 23:30:02 +0000 2012
2290,4b766665f964a520074b2ee3,4bf58dd8d48988d1fd931735,Subway,35.729391226913904,139.71004486083984,540,Wed Apr 25 00:07:17 +0000 2012
2290,4bde28fc6198c9b65d3d13ff,4bf58dd8d48988d1df941735,Bridge,35.71056573765681,139.73140130743988,540,Wed Apr 25 00:19:54 +0000 2012
2290,4f03e2b26da1b97b15c5db7f,4d954b0ea243a5684a65b473,Convenience Store,35.749034599952985,139.5698784438044,540,Wed Apr 25 23:25:41 +0000 2012
2290,4b563a05f964a520430628e3,4bf58dd8d48988d129951735,Train Station,35.74830601061255,139.56767320632937,540,Wed Apr 25 23:28:09 +0000 2012
2290,4b55605df964a520c7e227e3,4bf58dd8d48988d124941735,Office,35.71816389245459,139.72744166851044,540,Thu Apr 26 00:12:26 +0000 2012
2290,4b74ebd5f964a52024f82de3,4bf58dd8d48988d130941735,Building,35.713807090572814,139.7312153240814,540,Thu Apr 26 00:21:20 +0000 2012
2290,4bde28fc6198c9b65d3d13ff,4bf58dd8d48988d1df941735,Bridge,35.71056573765681,139.73140130743988,540,Thu Apr 26 00:24:07 +0000 2012
2290,4f03e2b26da1b97b15c5db7f,4d954b0ea243a5684a65b473,Convenience Store,35.749034599952985,139.5698784438044,540,Thu Apr 26 15:24:34 +0000 2012
2290,4cda2aef3f6a8cfa73e5e2ea,4bf58dd8d48988d186941735,Food & Drink Shop,35.753278,139.608656,540,Sat Apr 28 03:06:10 +0000 2012
2290,4b563a05f964a520430628e3,4bf58dd8d48988d129951735,Train Station,35.74830601061255,139.56767320632937,540,Tue May 01 22:41:33 +0000 2012
2290,4b91f33af964a520c6e033e3,4bf58dd8d48988d129951735,Train Station,35.73781504362258,139.65356022119522,540,Tue May 01 22:59:51 +0000 2012
2290,4b766665f964a520074b2ee3,4bf58dd8d48988d1fd931735,Subway,35.729391226913904,139.71004486083984,540,Tue May 01 23:20:10 +0000 2012
2290,4b22e781f964a520075024e3,4bf58dd8d48988d1fd931735,Subway,35.71897398583766,139.7274899482727,540,Tue May 01 23:26:54 +0000 2012
2290,4b61983df964a52045192ae3,4bf58dd8d48988d1f9941735,Food & Drink Shop,35.71687469460464,139.72827851772308,540,Tue May 01 23:30:53 +0000 2012
2290,4b74ebd5f964a52024f82de3,4bf58dd8d48988d130941735,Building,35.713807090572814,139.7312153240814,540,Tue May 01 23:37:18 +0000 2012
2290,4bc135b5461576b06caf7b32,4bf58dd8d48988d16a941735,Bakery,35.71199776887335,139.72983981453336,540,Tue May 01 23:42:48 +0000 2012
2290,4bb2bed24019a593e94937b8,4bf58dd8d48988d163941735,Park,35.71058578744731,139.72720582389238,540,Tue May 01 23:47:04 +0000 2012
2290,4e1db893b0fb93d2d064e225,4bf58dd8d48988d111941735,Japanese Restaurant,35.709556897699706,139.73226438666808,540,Wed May 02 03:09:11 +0000 2012
2290,4b53b05ef964a520e8a727e3,4bf58dd8d48988d129951735,Train Station,35.74953810235406,139.5865398645401,540,Sat May 05 01:54:07 +0000 2012
2290,4b7a11e8f964a520ac212fe3,4bf58dd8d48988d145941735,Chinese Restaurant,35.65514240572391,139.797091060623,540,Sat May 05 03:13:35 +0000 2012
2290,4b6e3e46f964a520e2b32ce3,4bf58dd8d48988d129951735,Train Station,35.729025427145416,139.71109628677368,540,Sat May 05 15:23:14 +0000 2012
2290,4b563a05f964a520430628e3,4bf58dd8d48988d129951735,Train Station,35.74830601061255,139.56767320632937,540,Sat May 05 15:52:56 +0000 2012
2290,4b57d5cdf964a5203b4328e3,4bf58dd8d48988d1fd941735,Mall,35.70819635062583,139.7325637234397,540,Mon May 07 00:17:25 +0000 2012
2290,4b563a05f964a520430628e3,4bf58dd8d48988d129951735,Train Station,35.74830601061255,139.56767320632937,540,Tue May 08 10:52:12 +0000 2012
2290,4b80998df964a520128030e3,4bf58dd8d48988d163941735,Park,35.74576340058102,139.74437713623047,540,Tue May 08 21:05:41 +0000 2012
2290,4fa9abd2e4b04f8c93f12098,4bf58dd8d48988d16a941735,Bakery,35.740604051070605,139.7470434498406,540,Tue May 08 23:28:33 +0000 2012
2290,4e9e1851d3e3459137bcfa24,4d954b0ea243a5684a65b473,Convenience Store,35.70813177140856,139.73306223750114,540,Wed May 09 00:01:12 +0000 2012
2290,4f03e2b26da1b97b15c5db7f,4d954b0ea243a5684a65b473,Convenience Store,35.749034599952985,139.56958490662424,540,Wed May 09 10:02:40 +0000 2012
2290,4c368f09c44a952140793d52,4bf58dd8d48988d1a8941735,General College & University,35.75445995774876,139.57339602892304,540,Thu May 10 21:39:08 +0000 2012
2290,4b583b37f964a520d24e28e3,4bf58dd8d48988d13a941735,Temple,35.72176134100471,139.72567677497864,540,Thu May 10 23:54:06 +0000 2012
2290,4b61983df964a52045192ae3,4bf58dd8d48988d1f9941735,Food & Drink Shop,35.71687469460464,139.72827851772308,540,Fri May 11 00:04:10 +0000 2012
2290,4b84af55f964a520fe4031e3,4bf58dd8d48988d1ff941735,Miscellaneous Shop,35.71601667209796,139.7289568159889,540,Fri May 11 00:09:25 +0000 2012
2290,4bde28fc6198c9b65d3d13ff,4bf58dd8d48988d1df941735,Bridge,35.71056573765681,139.73140130743988,540,Fri May 11 00:16:35 +0000 2012
2290,4bb2bed24019a593e94937b8,4bf58dd8d48988d163941735,Park,35.71058578744731,139.727405364539,540,Fri May 11 00:18:36 +0000 2012
2290,4de36151d4c0704405825b08,4bf58dd8d48988d178941735,Medical Center,35.70966,139.730588,540,Fri May 11 09:34:06 +0000 2012
2290,4cd5342db2a437041b597c44,4bf58dd8d48988d118951735,Food & Drink Shop,35.750698144948416,139.5701421309973,540,Fri May 11 11:13:37 +0000 2012
2290,4b563a05f964a520430628e3,4bf58dd8d48988d129951735,Train Station,35.74830601061255,139.56767320632937,540,Sat May 12 06:32:01 +0000 2012
2290,4d8899a499c2a1cd8bce69d7,4bf58dd8d48988d111941735,Japanese Restaurant,35.750373,139.585127,540,Sun May 13 03:36:55 +0000 2012
2290,4bb2bed24019a593e94937b8,4bf58dd8d48988d163941735,Park,35.7104484233769,139.72861758840793,540,Mon May 14 00:09:39 +0000 2012
2290,4b88ee44f964a520041432e3,4bf58dd8d48988d11c941735,Bar,35.70795644579036,139.7350376844406,540,Mon May 14 10:58:12 +0000 2012
2290,4f03e2b26da1b97b15c5db7f,4d954b0ea243a5684a65b473,Convenience Store,35.749034599952985,139.5700277005606,540,Mon May 14 23:23:11 +0000 2012
2290,4bde28fc6198c9b65d3d13ff,4bf58dd8d48988d1df941735,Bridge,35.71056573765681,139.73140130743988,540,Tue May 15 00:19:34 +0000 2012
2290,4bb2bed24019a593e94937b8,4bf58dd8d48988d163941735,Park,35.7104484233769,139.72861758840793,540,Tue May 15 00:22:06 +0000 2012
2290,4eec0a0df9ab8c5a000ab32e,4bf58dd8d48988d149941735,Thai Restaurant,35.73611398371708,139.65466751790882,540,Tue May 15 10:58:12 +0000 2012
2290,4f03e2b26da1b97b15c5db7f,4d954b0ea243a5684a65b473,Convenience Store,35.749034599952985,139.5700277005606,540,Wed May 16 14:57:54 +0000 2012
2290,4bde28fc6198c9b65d3d13ff,4bf58dd8d48988d1df941735,Bridge,35.71035867067667,139.73125164180038,540,Wed May 16 23:59:38 +0000 2012
2290,4e0e98c552b1b27c1b891f9a,4bf58dd8d48988d162941735,Other Great Outdoors,35.71512362217408,139.7389948401568,540,Thu May 17 10:06:08 +0000 2012
2290,4b6d0803f964a520e3632ce3,4bf58dd8d48988d163941735,Park,35.71683809357764,139.73978318640138,540,Thu May 17 10:24:20 +0000 2012
2290,4f03e2b26da1b97b15c5db7f,4d954b0ea243a5684a65b473,Convenience Store,35.749034599952985,139.5700277005606,540,Fri May 18 13:06:08 +0000 2012
2290,4bc028c6b492d13a70f7a360,4bf58dd8d48988d1f9941735,Food & Drink Shop,35.749339877938745,139.57461504322885,540,Fri May 18 23:25:01 +0000 2012
2290,4f03e2b26da1b97b15c5db7f,4d954b0ea243a5684a65b473,Convenience Store,35.749034599952985,139.5700277005606,540,Sat May 19 09:05:52 +0000 2012
2290,4c368f09c44a952140793d52,4bf58dd8d48988d1a8941735,General College & University,35.75445995774876,139.57339602892304,540,Mon May 21 20:57:19 +0000 2012
2290,4b563a05f964a520430628e3,4bf58dd8d48988d129951735,Train Station,35.74830601061255,139.56767320632937,540,Mon May 21 23:19:40 +0000 2012
2290,4bd247ee046076b078bc7371,4bf58dd8d48988d1e7941735,Playground,35.753062,139.572015,540,Wed May 23 21:42:18 +0000 2012
2290,4d15b075380a8eecc79985fa,4bf58dd8d48988d13b941735,School,35.7515335920359,139.57226659743688,540,Wed May 23 21:47:30 +0000 2012
2290,4b563a05f964a520430628e3,4bf58dd8d48988d129951735,Train Station,35.74830601061255,139.56767320632937,540,Wed May 23 23:23:20 +0000 2012
2290,4b84af55f964a520fe4031e3,4bf58dd8d48988d1ff941735,Miscellaneous Shop,35.71601667209796,139.7289568159889,540,Thu May 24 00:15:36 +0000 2012
2290,4e1e892152b1bdc463e41799,4bf58dd8d48988d1df941735,Bridge,35.7102091074357,139.72811373926152,540,Thu May 24 00:24:48 +0000 2012
2290,4b95c75bf964a52005b334e3,4bf58dd8d48988d145941735,Chinese Restaurant,35.710403,139.733317,540,Fri May 25 09:43:52 +0000 2012
2290,4f03e2b26da1b97b15c5db7f,4d954b0ea243a5684a65b473,Convenience Store,35.749034599952985,139.5700277005606,540,Sat May 26 01:01:18 +0000 2012
2290,4b2438f3f964a520116424e3,4bf58dd8d48988d129951735,Train Station,35.7437954343205,139.67858791351318,540,Sun May 27 23:35:25 +0000 2012
2290,4ca59cf644a8224bb55bfb3f,4bf58dd8d48988d10a951735,Bank,35.69597743078923,139.75549242134096,540,Mon May 28 09:42:57 +0000 2012
2290,4f03e2b26da1b97b15c5db7f,4d954b0ea243a5684a65b473,Convenience Store,35.749034599952985,139.5700277005606,540,Mon May 28 23:15:15 +0000 2012
2290,4e9e1851d3e3459137bcfa24,4d954b0ea243a5684a65b473,Convenience Store,35.70813177140856,139.73306223750114,540,Tue May 29 00:00:23 +0000 2012
2290,4f9f9cd5e4b018e2a4e76c74,4bf58dd8d48988d11c941735,Bar,35.70599990440799,139.64845978465075,540,Tue May 29 10:19:04 +0000 2012
2290,4b6c1a6df964a52003242ce3,4bf58dd8d48988d1c4941735,Restaurant,35.70601585946621,139.64775189757347,540,Tue May 29 12:25:16 +0000 2012
2290,4f03e2b26da1b97b15c5db7f,4d954b0ea243a5684a65b473,Convenience Store,35.749034599952985,139.5700277005606,540,Tue May 29 15:37:34 +0000 2012
2290,4f03e2b26da1b97b15c5db7f,4d954b0ea243a5684a65b473,Convenience Store,35.749034599952985,139.5700277005606,540,Fri Jun 01 14:32:47 +0000 2012
2290,4c3116843ffc952173f48ff5,4e39a956bd410d7aed40cbc3,Athletic & Sport,35.73884047197007,139.60273504257202,540,Sun Jun 03 02:06:35 +0000 2012
2290,4b6e3e46f964a520e2b32ce3,4bf58dd8d48988d129951735,Train Station,35.729025427145416,139.71109628677368,540,Sun Jun 03 23:56:55 +0000 2012
2290,4b22e781f964a520075024e3,4bf58dd8d48988d1fd931735,Subway,35.71897398583766,139.7274899482727,540,Mon Jun 04 00:06:19 +0000 2012
2290,4bde28fc6198c9b65d3d13ff,4bf58dd8d48988d1df941735,Bridge,35.71035867067667,139.73125164180038,540,Mon Jun 04 00:23:07 +0000 2012
2290,4c197ddd9990d13a2a3f7c17,4bf58dd8d48988d11c941735,Bar,35.715651,139.729063,540,Mon Jun 04 10:38:12 +0000 2012
2290,4ba606e8f964a5200f2f39e3,4bf58dd8d48988d145941735,Chinese Restaurant,35.7208761485436,139.71991539001465,540,Mon Jun 04 10:58:00 +0000 2012
2290,4b53b05ef964a520e8a727e3,4bf58dd8d48988d129951735,Train Station,35.74953810235406,139.5865398645401,540,Mon Jun 04 11:40:34 +0000 2012
2290,4b760f37f964a520da392ee3,4d954b0ea243a5684a65b473,Convenience Store,35.750310871010235,139.57944005727768,540,Mon Jun 04 12:11:20 +0000 2012
2290,4b53b05ef964a520e8a727e3,4bf58dd8d48988d129951735,Train Station,35.74953810235406,139.5865398645401,540,Mon Jun 04 23:21:01 +0000 2012
2290,4b766665f964a520074b2ee3,4bf58dd8d48988d1fd931735,Subway,35.729391226913904,139.71004486083984,540,Mon Jun 04 23:48:25 +0000 2012
2290,4b22e781f964a520075024e3,4bf58dd8d48988d1fd931735,Subway,35.71897398583766,139.7274899482727,540,Mon Jun 04 23:56:49 +0000 2012
2290,4c197ddd9990d13a2a3f7c17,4bf58dd8d48988d11c941735,Bar,35.715651,139.729063,540,Mon Jun 04 23:59:55 +0000 2012
2290,4cce514bb571b60cdcf4dd65,4bf58dd8d48988d124941735,Office,35.71128582339484,139.73090242344466,540,Tue Jun 05 00:06:45 +0000 2012
2290,4e1e892152b1bdc463e41799,4bf58dd8d48988d1df941735,Bridge,35.7102091074357,139.72811373926152,540,Tue Jun 05 00:10:31 +0000 2012
2290,4b9c8c7cf964a520946f36e3,4bf58dd8d48988d15f941735,Other Great Outdoors,35.715373252033494,139.72201800294832,540,Wed Jun 06 09:28:30 +0000 2012
2290,4de6ee75d164402a0f1d9cb5,4bf58dd8d48988d113951735,Gas Station / Garage,35.718742,139.723152,540,Wed Jun 06 09:35:51 +0000 2012
2290,4cbec4f7ca4aa1cddced15b4,4bf58dd8d48988d1df931735,BBQ Joint,35.722391,139.712479,540,Wed Jun 06 10:03:10 +0000 2012
2290,4b79e27df964a5204c182fe3,4bf58dd8d48988d129951735,Train Station,35.736793956413635,139.63776469230652,540,Wed Jun 06 11:38:20 +0000 2012
2290,4da66eda0cb6ba7974d6b88f,4bf58dd8d48988d111941735,Japanese Restaurant,35.74328795,139.60380665,540,Wed Jun 06 12:16:02 +0000 2012
2290,4f03e2b26da1b97b15c5db7f,4d954b0ea243a5684a65b473,Convenience Store,35.749034599952985,139.5700277005606,540,Wed Jun 06 21:29:06 +0000 2012
2290,4bc028c6b492d13a70f7a360,4bf58dd8d48988d1f9941735,Food & Drink Shop,35.749339877938745,139.57461504322885,540,Wed Jun 06 23:13:40 +0000 2012
2290,4b9a4b9af964a5204aaa35e3,4d954b0ea243a5684a65b473,Convenience Store,35.7098397047818,139.72945568360626,540,Thu Jun 07 00:08:28 +0000 2012
2290,4fcea390e4b01a254a23cc8c,4bf58dd8d48988d12e941735,Government Building,35.709945462956085,139.73124665295225,540,Thu Jun 07 10:00:29 +0000 2012
2290,4e0e98c552b1b27c1b891f9a,4bf58dd8d48988d162941735,Other Great Outdoors,35.71512362217408,139.7389948401568,540,Thu Jun 07 10:19:04 +0000 2012
2290,4b6d0803f964a520e3632ce3,4bf58dd8d48988d163941735,Park,35.71676120535668,139.74005761318628,540,Thu Jun 07 10:24:51 +0000 2012
2290,4b53b05ef964a520e8a727e3,4bf58dd8d48988d129951735,Train Station,35.74953810235406,139.5865398645401,540,Thu Jun 07 12:31:19 +0000 2012
2290,4b563a05f964a520430628e3,4bf58dd8d48988d129951735,Train Station,35.74830601061255,139.56767320632937,540,Thu Jun 07 23:28:44 +0000 2012
2290,4b91f33af964a520c6e033e3,4bf58dd8d48988d129951735,Train Station,35.73781504362258,139.65356022119522,540,Thu Jun 07 23:45:18 +0000 2012
2290,4b6e3e46f964a520e2b32ce3,4bf58dd8d48988d129951735,Train Station,35.729025427145416,139.71109628677368,540,Thu Jun 07 23:56:41 +0000 2012
2290,4b22e781f964a520075024e3,4bf58dd8d48988d1fd931735,Subway,35.71897398583766,139.7274899482727,540,Fri Jun 08 00:07:08 +0000 2012
2290,4b84af55f964a520fe4031e3,4bf58dd8d48988d1ff941735,Miscellaneous Shop,35.71601667209796,139.7289568159889,540,Fri Jun 08 00:15:10 +0000 2012
2290,4caf267075ebb60cfcbfb9ad,4d954b0ea243a5684a65b473,Convenience Store,35.71128049674808,139.7313663854235,540,Fri Jun 08 00:20:38 +0000 2012
2290,4bb2bed24019a593e94937b8,4bf58dd8d48988d163941735,Park,35.71046308192664,139.72815863653634,540,Fri Jun 08 00:27:43 +0000 2012
2290,4b1b7b31f964a5209efb23e3,4bf58dd8d48988d1fd931735,Subway,35.68691239365025,139.76361393928528,540,Sat Jun 09 01:20:37 +0000 2012
2290,4d27e474b818a35df92a908a,4bf58dd8d48988d15f941735,Other Great Outdoors,35.769415618970925,139.6150309729032,540,Sat Jun 09 23:12:37 +0000 2012
2290,4e538e91483b944199dede7a,4d954b0ea243a5684a65b473,Convenience Store,35.75086135904025,139.58236259490016,540,Sun Jun 10 03:25:49 +0000 2012
2290,4d60e94be4fe548124e0859e,4bf58dd8d48988d1d2941735,Sushi Restaurant,35.74980631119521,139.58521904707771,540,Sun Jun 10 03:55:32 +0000 2012
2290,4dc63f09d4c0ad9c0f9d523d,4bf58dd8d48988d1ff941735,Miscellaneous Shop,35.749892,139.58516657352448,540,Sun Jun 10 06:32:50 +0000 2012
2290,4b563a05f964a520430628e3,4bf58dd8d48988d129951735,Train Station,35.74830601061255,139.56767320632937,540,Sun Jun 10 23:25:50 +0000 2012
2290,4b95c75bf964a52005b334e3,4bf58dd8d48988d145941735,Chinese Restaurant,35.710403,139.733317,540,Mon Jun 11 09:21:10 +0000 2012
2290,4b563a05f964a520430628e3,4bf58dd8d48988d129951735,Train Station,35.74830601061255,139.56767320632937,540,Mon Jun 11 23:27:46 +0000 2012
2290,4b84af55f964a520fe4031e3,4bf58dd8d48988d1ff941735,Miscellaneous Shop,35.71601667209796,139.7289568159889,540,Tue Jun 12 00:13:45 +0000 2012
2290,4c197ddd9990d13a2a3f7c17,4bf58dd8d48988d11c941735,Bar,35.715651,139.729063,540,Tue Jun 12 12:08:32 +0000 2012
2290,4f03e2b26da1b97b15c5db7f,4d954b0ea243a5684a65b473,Convenience Store,35.749034599952985,139.5700277005606,540,Tue Jun 12 22:28:37 +0000 2012
2290,4b563a05f964a520430628e3,4bf58dd8d48988d129951735,Train Station,35.74830601061255,139.56767320632937,540,Tue Jun 12 22:31:59 +0000 2012
2290,4b91f33af964a520c6e033e3,4bf58dd8d48988d129951735,Train Station,35.73781504362258,139.65356022119522,540,Tue Jun 12 22:48:34 +0000 2012
2290,4b22e836f964a520185024e3,4bf58dd8d48988d1fd931735,Subway,35.709470113886056,139.73347127437592,540,Tue Jun 12 23:14:03 +0000 2012
2290,4b72495ef964a520c3762de3,4bf58dd8d48988d163941735,Park,35.754444511695226,139.62865591049194,540,Wed Jun 13 09:57:26 +0000 2012
2290,4e538e91483b944199dede7a,4d954b0ea243a5684a65b473,Convenience Store,35.75086135904025,139.58236259490016,540,Wed Jun 13 23:02:11 +0000 2012
2290,4b53b05ef964a520e8a727e3,4bf58dd8d48988d129951735,Train Station,35.74953810235406,139.5865398645401,540,Wed Jun 13 23:07:25 +0000 2012
2290,4b91f33af964a520c6e033e3,4bf58dd8d48988d129951735,Train Station,35.73781504362258,139.65356022119522,540,Wed Jun 13 23:15:04 +0000 2012
2290,4b22e781f964a520075024e3,4bf58dd8d48988d1fd931735,Subway,35.71897398583766,139.7274899482727,540,Wed Jun 13 23:35:42 +0000 2012
2290,4c836805dc018cfaa16dd86c,4eb1d80a4b900d56c88a45ff,Shrine,35.71248908,139.73111694,540,Wed Jun 13 23:45:38 +0000 2012
2290,4bde28fc6198c9b65d3d13ff,4bf58dd8d48988d1df941735,Bridge,35.71035867067667,139.73125164180038,540,Wed Jun 13 23:48:38 +0000 2012
2290,4be59ab9cf200f478969133c,4d954b0ea243a5684a65b473,Convenience Store,35.70950713850092,139.731864631176,540,Thu Jun 14 09:39:20 +0000 2012
2290,4b0587b4f964a520a6a022e3,4bf58dd8d48988d122951735,Electronics Store,35.73169485589919,139.71287727355957,540,Fri Jun 15 09:53:54 +0000 2012
2290,4b579188f964a520b13828e3,4bf58dd8d48988d129951735,Train Station,35.72866506918325,139.56423126161098,540,Sat Jun 16 20:51:55 +0000 2012
2290,4f66f872bb3d49d13474cd94,4e39a956bd410d7aed40cbc3,Athletic & Sport,35.72463569888842,139.5626950263977,540,Sat Jun 16 21:04:18 +0000 2012
2290,4eafaf4182319d8262e3010a,4bf58dd8d48988d1df941735,Bridge,35.714823,139.687245,540,Sat Jun 16 23:09:21 +0000 2012
2290,4d71b4ed5f003704b3e4d3a0,4bf58dd8d48988d1f9941735,Food & Drink Shop,35.755160338440625,139.5750728020748,540,Sun Jun 17 08:03:18 +0000 2012
2290,4da937f493a04642f0618218,4bf58dd8d48988d103951735,Clothing Store,35.74965565074617,139.57550525665283,540,Sun Jun 17 08:12:35 +0000 2012
2290,4b563a05f964a520430628e3,4bf58dd8d48988d129951735,Train Station,35.74830601061255,139.56767320632937,540,Sun Jun 17 22:50:14 +0000 2012
2290,4b2438f3f964a520116424e3,4bf58dd8d48988d129951735,Train Station,35.7437954343205,139.67858791351318,540,Sun Jun 17 23:07:00 +0000 2012
2290,4b22e781f964a520075024e3,4bf58dd8d48988d1fd931735,Subway,35.71897398583766,139.7274899482727,540,Sun Jun 17 23:25:51 +0000 2012
2290,4b74ebd5f964a52024f82de3,4bf58dd8d48988d130941735,Building,35.713807090572814,139.7312153240814,540,Sun Jun 17 23:32:57 +0000 2012
2290,4b766665f964a520074b2ee3,4bf58dd8d48988d1fd931735,Subway,35.729391226913904,139.71004486083984,540,Mon Jun 18 09:27:43 +0000 2012
2290,4b2438f3f964a520116424e3,4bf58dd8d48988d129951735,Train Station,35.7437954343205,139.67858791351318,540,Tue Jun 19 10:33:05 +0000 2012
2290,4b91f33af964a520c6e033e3,4bf58dd8d48988d129951735,Train Station,35.73781504362258,139.65356022119522,540,Tue Jun 19 10:39:38 +0000 2012
2290,4b22e781f964a520075024e3,4bf58dd8d48988d1fd931735,Subway,35.71897398583766,139.7274899482727,540,Wed Jun 20 22:57:53 +0000 2012
2290,4c197ddd9990d13a2a3f7c17,4bf58dd8d48988d11c941735,Bar,35.715651,139.729063,540,Wed Jun 20 23:08:30 +0000 2012
2290,4b6e3e46f964a520e2b32ce3,4bf58dd8d48988d129951735,Train Station,35.729025427145416,139.71109628677368,540,Tue Jun 26 14:54:05 +0000 2012
2290,4b53b05ef964a520e8a727e3,4bf58dd8d48988d129951735,Train Station,35.74953810235406,139.5865398645401,540,Tue Jun 26 15:10:25 +0000 2012
2290,4bde28fc6198c9b65d3d13ff,4bf58dd8d48988d1df941735,Bridge,35.71035867067667,139.73125164180038,540,Wed Jun 27 00:20:24 +0000 2012
2290,4bb2bed24019a593e94937b8,4bf58dd8d48988d163941735,Park,35.71046308192664,139.72815863653634,540,Wed Jun 27 00:23:03 +0000 2012
2290,4b599427f964a520568d28e3,4bf58dd8d48988d176941735,Gym / Fitness Center,35.67964446911511,139.71238374710083,540,Wed Jun 27 03:32:56 +0000 2012
2290,4b6e46f5f964a520cbb52ce3,4bf58dd8d48988d118951735,Food & Drink Shop,35.74791417531939,139.56754446029663,540,Sat Jun 30 23:06:35 +0000 2012
2290,4fb0bffbe4b028e6bd4d4c01,4bf58dd8d48988d1d1941735,Ramen /  Noodle House,35.712442661122004,139.73055320714667,540,Mon Jul 02 10:39:24 +0000 2012
2290,4ba606e8f964a5200f2f39e3,4bf58dd8d48988d145941735,Chinese Restaurant,35.7208761485436,139.71991539001465,540,Mon Jul 02 11:03:18 +0000 2012
2290,4bb2c9c6715eef3b36bb85bb,4bf58dd8d48988d111941735,Japanese Restaurant,35.71653714780324,139.72847431898117,540,Tue Jul 03 00:08:48 +0000 2012
2290,4b84af55f964a520fe4031e3,4bf58dd8d48988d1ff941735,Miscellaneous Shop,35.71601667209796,139.7289568159889,540,Tue Jul 03 00:11:05 +0000 2012
2290,4b6e3e46f964a520e2b32ce3,4bf58dd8d48988d129951735,Train Station,35.729025427145416,139.71109628677368,540,Tue Jul 03 11:08:15 +0000 2012
2290,4b53b05ef964a520e8a727e3,4bf58dd8d48988d129951735,Train Station,35.74953810235406,139.5865398645401,540,Tue Jul 03 20:16:10 +0000 2012
2290,4b5eaf9af964a520e99529e3,4bf58dd8d48988d118951735,Food & Drink Shop,35.739746147170884,139.74631369113922,540,Tue Jul 03 20:55:43 +0000 2012
2290,4e9e1851d3e3459137bcfa24,4d954b0ea243a5684a65b473,Convenience Store,35.70813177140856,139.73306223750114,540,Fri Jul 06 03:38:43 +0000 2012
2290,4e5da57c7d8bcd38b7e54300,4bf58dd8d48988d147941735,Diner,35.70805045558733,139.7345144384257,540,Fri Jul 06 03:42:20 +0000 2012
2290,4f03e2b26da1b97b15c5db7f,4d954b0ea243a5684a65b473,Convenience Store,35.749034599952985,139.5700277005606,540,Fri Jul 06 11:55:43 +0000 2012
2290,4e538e91483b944199dede7a,4d954b0ea243a5684a65b473,Convenience Store,35.75086135904025,139.58236259490016,540,Fri Jul 06 22:15:46 +0000 2012
2290,4b53b05ef964a520e8a727e3,4bf58dd8d48988d129951735,Train Station,35.74953810235406,139.5865398645401,540,Fri Jul 06 22:24:46 +0000 2012
2290,4b56dcf4f964a5205f1d28e3,4bf58dd8d48988d129951735,Train Station,35.75141113361627,139.54576851147038,540,Sat Jul 07 10:34:27 +0000 2012
2290,4c78a64f2d3ba1436edf8bd0,4bf58dd8d48988d13d941735,High School,35.68889919303004,139.62842389941216,540,Sun Jul 08 07:35:50 +0000 2012
2290,4c96b98b533aa093d575d445,4bf58dd8d48988d162941735,Other Great Outdoors,35.69107764424491,139.63245928287506,540,Sun Jul 08 07:54:01 +0000 2012
2290,4b5707a4f964a520832328e3,4bf58dd8d48988d1fd931735,Subway,35.74075631120272,139.66827750205994,540,Sun Jul 08 23:35:25 +0000 2012
2290,4b94a5dff964a520947f34e3,4bf58dd8d48988d1d1941735,Ramen /  Noodle House,35.704782,139.730685,540,Mon Jul 09 09:33:08 +0000 2012
2290,4b5aa58bf964a52048cf28e3,4bf58dd8d48988d1f6941735,Department Store,35.730366684749875,139.71076369285583,540,Mon Jul 09 10:17:44 +0000 2012
2290,4c302fd53896e21ef548e590,4bf58dd8d48988d103951735,Clothing Store,35.73066195579174,139.7103670153268,540,Mon Jul 09 10:34:11 +0000 2012
2290,4c368f09c44a952140793d52,4bf58dd8d48988d1a8941735,General College & University,35.75445995774876,139.57339602892304,540,Mon Jul 09 21:26:41 +0000 2012
2290,4b22e781f964a520075024e3,4bf58dd8d48988d1fd931735,Subway,35.71897398583766,139.7274899482727,540,Tue Jul 10 00:13:38 +0000 2012
2290,4c197ddd9990d13a2a3f7c17,4bf58dd8d48988d11c941735,Bar,35.715651,139.729063,540,Tue Jul 10 00:14:32 +0000 2012
2290,4b9a4b9af964a5204aaa35e3,4d954b0ea243a5684a65b473,Convenience Store,35.7098397047818,139.72945568360626,540,Wed Jul 11 00:05:28 +0000 2012
2290,4b22e836f964a520185024e3,4bf58dd8d48988d1fd931735,Subway,35.709470113886056,139.73347127437592,540,Thu Jul 12 23:09:32 +0000 2012
2290,4b656eb2f964a5206cf02ae3,4bf58dd8d48988d103951735,Clothing Store,35.728994943755566,139.71346199512482,540,Sat Jul 14 09:42:56 +0000 2012
2290,4b7f8ffff964a520893430e3,4bf58dd8d48988d16a941735,Bakery,35.709129547739224,139.7342200809009,540,Tue Jul 17 00:07:16 +0000 2012
2290,4b9a4b9af964a5204aaa35e3,4d954b0ea243a5684a65b473,Convenience Store,35.7098397047818,139.72945568360626,540,Tue Jul 17 07:03:21 +0000 2012
2290,4e4a371ed164a7c8b6a31e99,4bf58dd8d48988d111941735,Japanese Restaurant,35.70965983635737,139.72998947660756,540,Tue Jul 17 10:30:07 +0000 2012
2290,4b8683daf964a520868d31e3,4bf58dd8d48988d11c941735,Bar,35.709443978853464,139.73068714141846,540,Tue Jul 17 14:20:59 +0000 2012
2290,4b2438f3f964a520116424e3,4bf58dd8d48988d129951735,Train Station,35.7437954343205,139.67858791351318,540,Tue Jul 17 23:25:04 +0000 2012
2290,4b22e836f964a520185024e3,4bf58dd8d48988d1fd931735,Subway,35.709470113886056,139.73347127437592,540,Tue Jul 17 23:53:07 +0000 2012
2290,4f03e2b26da1b97b15c5db7f,4d954b0ea243a5684a65b473,Convenience Store,35.749034599952985,139.5700277005606,540,Wed Jul 18 23:16:26 +0000 2012
2290,4bde28fc6198c9b65d3d13ff,4bf58dd8d48988d1df941735,Bridge,35.71035867067667,139.73125164180038,540,Wed Jul 18 23:58:57 +0000 2012
2290,4caf267075ebb60cfcbfb9ad,4d954b0ea243a5684a65b473,Convenience Store,35.71128049674808,139.7313663854235,540,Thu Jul 19 00:04:08 +0000 2012
2290,4e1db893b0fb93d2d064e225,4bf58dd8d48988d111941735,Japanese Restaurant,35.709556897699706,139.73226438666808,540,Tue Jul 24 11:29:09 +0000 2012
2290,4cd5342db2a437041b597c44,4bf58dd8d48988d118951735,Food & Drink Shop,35.750698144948416,139.5701421309973,540,Tue Jul 24 12:44:03 +0000 2012
2290,4b5583def964a52032e627e3,4bf58dd8d48988d129951735,Train Station,35.73651527788601,139.74682331085205,540,Tue Jul 24 20:52:17 +0000 2012
2290,4b5eaf9af964a520e99529e3,4bf58dd8d48988d118951735,Food & Drink Shop,35.739746147170884,139.74631369113922,540,Tue Jul 24 20:59:08 +0000 2012
2290,4b80998df964a520128030e3,4bf58dd8d48988d163941735,Park,35.74576340058102,139.74437713623047,540,Tue Jul 24 21:10:45 +0000 2012
2290,4b52d2cff964a520bb8827e3,4bf58dd8d48988d129951735,Train Station,35.743553244845074,139.6070272475481,540,Thu Jul 26 23:22:25 +0000 2012
2290,4c3116843ffc952173f48ff5,4e39a956bd410d7aed40cbc3,Athletic & Sport,35.73884047197007,139.60273504257202,540,Sat Jul 28 04:44:44 +0000 2012
2290,4b2b6565f964a52020b624e3,4bf58dd8d48988d1fd931735,Subway,35.6684885729729,139.70538854599,540,Sat Jul 28 09:07:24 +0000 2012
2290,4b6e3e46f964a520e2b32ce3,4bf58dd8d48988d129951735,Train Station,35.729025427145416,139.71109628677368,540,Sat Jul 28 14:02:19 +0000 2012
2290,4d27e474b818a35df92a908a,4bf58dd8d48988d15f941735,Other Great Outdoors,35.769415618970925,139.6150309729032,540,Sun Jul 29 02:06:06 +0000 2012
2290,4b52d2cff964a520bb8827e3,4bf58dd8d48988d129951735,Train Station,35.743553244845074,139.6070272475481,540,Sun Jul 29 23:24:42 +0000 2012
2290,4b9a4b9af964a5204aaa35e3,4d954b0ea243a5684a65b473,Convenience Store,35.7098397047818,139.72945568360626,540,Mon Jul 30 00:10:39 +0000 2012
2290,4f03e2b26da1b97b15c5db7f,4d954b0ea243a5684a65b473,Convenience Store,35.749034599952985,139.5700277005606,540,Sun Aug 05 13:15:39 +0000 2012
2290,4c493e0f9e3e2d7f385e8148,4bf58dd8d48988d10a951735,Bank,35.709884195612005,139.73166072877697,540,Thu Aug 09 09:57:58 +0000 2012
2290,4b6d0803f964a520e3632ce3,4bf58dd8d48988d163941735,Park,35.71676120535668,139.74005761318628,540,Thu Aug 09 10:21:47 +0000 2012
2290,4b555ddcf964a52086e227e3,4bf58dd8d48988d1fd931735,Subway,35.71707379977543,139.73677954353028,540,Thu Aug 09 12:05:09 +0000 2012
2290,4b91f33af964a520c6e033e3,4bf58dd8d48988d129951735,Train Station,35.73781504362258,139.65356022119522,540,Thu Aug 09 12:22:13 +0000 2012
2290,4b1b6114f964a5201efb23e3,4bf58dd8d48988d129951735,Train Station,35.712902440367635,139.7038972377777,540,Fri Aug 10 09:45:03 +0000 2012
2290,4c41cc447beab713c3ae9555,4e39a956bd410d7aed40cbc3,Athletic & Sport,35.76516180888092,139.63107526302338,540,Sun Aug 12 01:50:39 +0000 2012
2290,4caf267075ebb60cfcbfb9ad,4d954b0ea243a5684a65b473,Convenience Store,35.71128049674808,139.7313663854235,540,Mon Aug 13 00:18:35 +0000 2012
2290,4b91f33af964a520c6e033e3,4bf58dd8d48988d129951735,Train Station,35.73781504362258,139.65356022119522,540,Mon Aug 13 23:30:16 +0000 2012
2290,4cd5342db2a437041b597c44,4bf58dd8d48988d118951735,Food & Drink Shop,35.750698144948416,139.5701421309973,540,Tue Aug 14 21:34:30 +0000 2012
2290,4b53b05ef964a520e8a727e3,4bf58dd8d48988d129951735,Train Station,35.74953810235406,139.5865398645401,540,Tue Aug 14 23:18:44 +0000 2012
2290,4b91f33af964a520c6e033e3,4bf58dd8d48988d129951735,Train Station,35.73781504362258,139.65356022119522,540,Thu Aug 16 23:33:23 +0000 2012
2290,4b22e836f964a520185024e3,4bf58dd8d48988d1fd931735,Subway,35.709470113886056,139.73347127437592,540,Thu Aug 16 23:54:04 +0000 2012
2290,4de36151d4c0704405825b08,4bf58dd8d48988d178941735,Medical Center,35.70966,139.730588,540,Mon Aug 20 09:18:00 +0000 2012
2290,4c836805dc018cfaa16dd86c,4eb1d80a4b900d56c88a45ff,Shrine,35.71248908,139.73111694,540,Thu Sep 06 00:03:30 +0000 2012
2290,4b22e781f964a520075024e3,4bf58dd8d48988d1fd931735,Subway,35.71897398583766,139.7274899482727,540,Sun Sep 09 23:40:16 +0000 2012
2290,4b6d0803f964a520e3632ce3,4bf58dd8d48988d163941735,Park,35.71676120535668,139.74005761318628,540,Thu Sep 13 11:57:38 +0000 2012
2290,4b583b37f964a520d24e28e3,4bf58dd8d48988d13a941735,Temple,35.72176134100471,139.72567677497864,540,Fri Oct 12 09:18:04 +0000 2012
2290,4e6c70a5d4c09a17a599b141,4bf58dd8d48988d129951735,Train Station,35.70220544,139.58035302996075,540,Sat Oct 13 03:15:04 +0000 2012
2290,4ba74afef964a520078a39e3,4bf58dd8d48988d163941735,Park,35.67796233821709,139.62587134453244,540,Sat Oct 13 06:08:20 +0000 2012
2290,4b64dcd2f964a520c6d52ae3,4bf58dd8d48988d11c941735,Bar,35.70251789319603,139.57678198814392,540,Sat Oct 13 06:36:24 +0000 2012
2290,4b35a8b4f964a520722e25e3,4bf58dd8d48988d129951735,Train Station,35.70320181647976,139.57990407943726,540,Sat Oct 13 07:51:36 +0000 2012
2290,4b22e836f964a520185024e3,4bf58dd8d48988d1fd931735,Subway,35.709470113886056,139.73347127437592,540,Mon Oct 22 23:40:33 +0000 2012
2290,4b61983df964a52045192ae3,4d954b0ea243a5684a65b473,Convenience Store,35.71687469460464,139.72827851772308,540,Tue Oct 23 23:54:28 +0000 2012
2290,4b22e781f964a520075024e3,4bf58dd8d48988d1fd931735,Subway,35.71897398583766,139.7274899482727,540,Wed Oct 24 23:21:13 +0000 2012
2290,4b6e3e46f964a520e2b32ce3,4bf58dd8d48988d129951735,Train Station,35.729025427145416,139.71109628677368,540,Thu Oct 25 13:26:26 +0000 2012
2290,4b52d2cff964a520bb8827e3,4bf58dd8d48988d129951735,Train Station,35.743553244845074,139.6070272475481,540,Thu Oct 25 13:44:47 +0000 2012
2290,4f03e2b26da1b97b15c5db7f,4d954b0ea243a5684a65b473,Convenience Store,35.7490699309562,139.56978888993282,540,Thu Oct 25 13:58:15 +0000 2012
2290,4e538e91483b944199dede7a,4d954b0ea243a5684a65b473,Convenience Store,35.75086135904025,139.58236259490016,540,Thu Oct 25 22:39:30 +0000 2012
2290,4caf267075ebb60cfcbfb9ad,4d954b0ea243a5684a65b473,Convenience Store,35.71128049674808,139.7313663854235,540,Thu Oct 25 23:35:21 +0000 2012
2290,507df95de4b0b044d81b3683,4bf58dd8d48988d104941735,Medical Center,35.713557922742496,139.73037361099463,540,Fri Oct 26 09:12:03 +0000 2012
2290,4b37f4d2f964a520334925e3,4bf58dd8d48988d1fd931735,Subway,35.67683821078926,139.7701370716095,540,Sat Oct 27 08:37:51 +0000 2012
2290,4b639dfdf964a52051872ae3,4d954b0ea243a5684a65b473,Convenience Store,35.67841129632238,139.7708773612976,540,Sat Oct 27 08:44:52 +0000 2012
2290,4bde28fc6198c9b65d3d13ff,4bf58dd8d48988d1df941735,Bridge,35.71035867067667,139.73125164180038,540,Mon Oct 29 00:02:46 +0000 2012
2290,4ca1d25b79d9b1f7033ec299,4bf58dd8d48988d124941735,Office,35.71214052461066,139.72823346540332,540,Mon Oct 29 03:09:17 +0000 2012
2290,4bb2dd8b4019a593e66437b8,4bf58dd8d48988d163941735,Park,35.712745655257066,139.72212275253116,540,Mon Oct 29 03:18:39 +0000 2012
2290,507df95de4b0b044d81b3683,4bf58dd8d48988d104941735,Medical Center,35.713557922742496,139.73037361099463,540,Mon Oct 29 09:15:28 +0000 2012
2290,4b22e781f964a520075024e3,4bf58dd8d48988d1fd931735,Subway,35.71897398583766,139.7274899482727,540,Mon Oct 29 11:37:10 +0000 2012
2290,4b53b05ef964a520e8a727e3,4bf58dd8d48988d129951735,Train Station,35.74953810235406,139.5865398645401,540,Tue Oct 30 23:19:11 +0000 2012
2290,4b22e781f964a520075024e3,4bf58dd8d48988d1fd931735,Subway,35.71897398583766,139.7274899482727,540,Tue Oct 30 23:49:27 +0000 2012
2290,4b5a9381f964a52023cc28e3,4bf58dd8d48988d1fa931735,Hotel,35.71253498608349,139.7255995461642,540,Wed Oct 31 03:25:52 +0000 2012
2290,4b9c8c7cf964a520946f36e3,4bf58dd8d48988d15f941735,Other Great Outdoors,35.715373252033494,139.72201800294832,540,Wed Oct 31 03:32:49 +0000 2012
2290,4b9c643df964a5203c6536e3,4bf58dd8d48988d132941735,Church,35.71426574730637,139.7266262769699,540,Wed Oct 31 03:49:36 +0000 2012
2290,507df95de4b0b044d81b3683,4bf58dd8d48988d104941735,Medical Center,35.713557922742496,139.73037361099463,540,Wed Oct 31 10:00:54 +0000 2012
2290,4b563a05f964a520430628e3,4bf58dd8d48988d129951735,Train Station,35.74830601061255,139.56767320632937,540,Wed Oct 31 23:27:36 +0000 2012
2290,4b22e781f964a520075024e3,4bf58dd8d48988d1fd931735,Subway,35.71897398583766,139.7274899482727,540,Thu Nov 01 00:10:04 +0000 2012
2290,4bb2bed24019a593e94937b8,4bf58dd8d48988d163941735,Park,35.71046639683714,139.72869740648758,540,Thu Nov 01 03:41:17 +0000 2012
2290,4bb2dd8b4019a593e66437b8,4bf58dd8d48988d163941735,Park,35.712745655257066,139.72212275253116,540,Thu Nov 01 03:50:12 +0000 2012
2290,4b22e781f964a520075024e3,4bf58dd8d48988d1fd931735,Subway,35.71897398583766,139.7274899482727,540,Thu Nov 01 23:17:35 +0000 2012
2290,4bb2bed24019a593e94937b8,4bf58dd8d48988d163941735,Park,35.71046639683714,139.72869740648758,540,Fri Nov 02 03:47:35 +0000 2012
2290,4b6e3e46f964a520e2b32ce3,4bf58dd8d48988d129951735,Train Station,35.729025427145416,139.71109628677368,540,Mon Nov 05 12:53:59 +0000 2012
2290,4b563a05f964a520430628e3,4bf58dd8d48988d129951735,Train Station,35.74830601061255,139.56767320632937,540,Tue Nov 06 14:03:58 +0000 2012
2290,4bde28fc6198c9b65d3d13ff,4bf58dd8d48988d1df941735,Bridge,35.71035867067667,139.73125164180038,540,Wed Nov 07 09:58:26 +0000 2012
2290,4e4a371ed164a7c8b6a31e99,4bf58dd8d48988d111941735,Japanese Restaurant,35.70965983635737,139.72998947660756,540,Wed Nov 07 11:53:36 +0000 2012
2290,4b583b37f964a520d24e28e3,4bf58dd8d48988d13a941735,Temple,35.72176134100471,139.72567677497864,540,Mon Nov 12 23:56:13 +0000 2012
2290,4b9c8c7cf964a520946f36e3,4bf58dd8d48988d15f941735,Other Great Outdoors,35.715411933833465,139.721623946653,540,Tue Nov 13 03:32:26 +0000 2012
2290,4b52d2cff964a520bb8827e3,4bf58dd8d48988d129951735,Train Station,35.743553244845074,139.6070272475481,540,Thu Nov 15 23:05:38 +0000 2012
2290,4b2439e3f964a520256424e3,4bf58dd8d48988d129951735,Train Station,35.7332058958136,139.69869375228882,540,Thu Nov 15 23:29:09 +0000 2012
2290,4b22e781f964a520075024e3,4bf58dd8d48988d1fd931735,Subway,35.71897398583766,139.7274899482727,540,Mon Nov 19 23:52:51 +0000 2012
2290,4b22e781f964a520075024e3,4bf58dd8d48988d1fd931735,Subway,35.71897398583766,139.7274899482727,540,Tue Nov 20 10:52:58 +0000 2012
2290,4b53b05ef964a520e8a727e3,4bf58dd8d48988d129951735,Train Station,35.74953810235406,139.5865398645401,540,Tue Nov 20 23:00:06 +0000 2012
2290,4b22e836f964a520185024e3,4bf58dd8d48988d1fd931735,Subway,35.709470113886056,139.73347127437592,540,Wed Nov 21 09:53:44 +0000 2012
2290,4b6381a2f964a520487f2ae3,4bf58dd8d48988d15c941735,Cemetery,35.722475585070875,139.7198349237442,540,Wed Nov 21 23:43:05 +0000 2012
2290,4d6f0a2971d3a14384df3550,4bf58dd8d48988d1c4941735,Restaurant,35.710015,139.729969,540,Thu Nov 22 03:31:14 +0000 2012
2290,4b91f33af964a520c6e033e3,4bf58dd8d48988d129951735,Train Station,35.73781504362258,139.65356022119522,540,Thu Nov 22 12:16:08 +0000 2012
2290,50aeb62ee4b00a661bc9dcb3,4e39a891bd410d7aed40cbc2,Stadium,35.794607,139.657183,540,Thu Nov 22 23:33:46 +0000 2012
2290,4b563a05f964a520430628e3,4bf58dd8d48988d129951735,Train Station,35.74830601061255,139.56767320632937,540,Sun Nov 25 23:28:10 +0000 2012
2290,4b61983df964a52045192ae3,4d954b0ea243a5684a65b473,Convenience Store,35.71687469460464,139.72827851772308,540,Mon Nov 26 00:09:03 +0000 2012
2290,4b583b37f964a520d24e28e3,4bf58dd8d48988d13a941735,Temple,35.72176134100471,139.72567677497864,540,Mon Nov 26 09:42:31 +0000 2012
2290,4b52d2cff964a520bb8827e3,4bf58dd8d48988d129951735,Train Station,35.743553244845074,139.6070272475481,540,Mon Nov 26 23:07:40 +0000 2012
2290,4b22e781f964a520075024e3,4bf58dd8d48988d1fd931735,Subway,35.71897398583766,139.7274899482727,540,Mon Nov 26 23:49:57 +0000 2012
2290,4b6e3e46f964a520e2b32ce3,4bf58dd8d48988d129951735,Train Station,35.729025427145416,139.71109628677368,540,Wed Nov 28 23:55:58 +0000 2012
2290,4b766665f964a520074b2ee3,4bf58dd8d48988d1fd931735,Subway,35.729391226913904,139.71004486083984,540,Thu Nov 29 00:03:09 +0000 2012
2290,4b7a69a5f964a520292c2fe3,4eb1bdf03b7b55596b4a7491,Camera Store,35.69164859314717,139.69772609327356,540,Sat Dec 01 06:51:25 +0000 2012
2290,4e538e91483b944199dede7a,4d954b0ea243a5684a65b473,Convenience Store,35.75086135904025,139.58236259490016,540,Sun Dec 02 23:11:41 +0000 2012
2290,4b9c643df964a5203c6536e3,4bf58dd8d48988d132941735,Church,35.71426574730637,139.7266262769699,540,Mon Dec 03 00:19:09 +0000 2012
2290,4fae3446e4b03d5226e8e10b,4d954b0ea243a5684a65b473,Convenience Store,35.71405523837656,139.7238885590922,540,Mon Dec 03 03:12:05 +0000 2012
2290,4b22e781f964a520075024e3,4bf58dd8d48988d1fd931735,Subway,35.71897398583766,139.7274899482727,540,Tue Dec 04 00:10:43 +0000 2012
2290,4b9c8c7cf964a520946f36e3,4bf58dd8d48988d15f941735,Other Great Outdoors,35.715411933833465,139.721623946653,540,Wed Dec 05 00:13:31 +0000 2012
2290,4fae3446e4b03d5226e8e10b,4d954b0ea243a5684a65b473,Convenience Store,35.71405523837656,139.7238885590922,540,Wed Dec 05 00:19:04 +0000 2012
2290,4ca1d25b79d9b1f7033ec299,4bf58dd8d48988d124941735,Office,35.71214052461066,139.72823346540332,540,Wed Dec 05 00:22:54 +0000 2012
2290,4b7f4340f964a520552330e3,4bf58dd8d48988d10d951735,Record Shop,35.729855006347954,139.7136014699936,540,Sat Dec 08 08:28:56 +0000 2012
2290,4f03e2b26da1b97b15c5db7f,4d954b0ea243a5684a65b473,Convenience Store,35.7490699309562,139.56978888993282,540,Sun Dec 09 14:40:49 +0000 2012
2290,4bde28fc6198c9b65d3d13ff,4bf58dd8d48988d1df941735,Bridge,35.71035867067667,139.73125164180038,540,Mon Dec 10 00:01:27 +0000 2012
2290,4b22e781f964a520075024e3,4bf58dd8d48988d1fd931735,Subway,35.71897398583766,139.7274899482727,540,Wed Dec 12 00:07:14 +0000 2012
2290,4b52d2cff964a520bb8827e3,4bf58dd8d48988d129951735,Train Station,35.743553244845074,139.6070272475481,540,Fri Dec 14 12:26:04 +0000 2012
2290,4d8899a499c2a1cd8bce69d7,4bf58dd8d48988d111941735,Japanese Restaurant,35.750373,139.585127,540,Fri Dec 14 12:51:23 +0000 2012
2290,4bc135b5461576b06caf7b32,4bf58dd8d48988d16a941735,Bakery,35.71176462691824,139.7298198596187,540,Tue Dec 18 00:19:15 +0000 2012
2290,4c197ddd9990d13a2a3f7c17,4bf58dd8d48988d11c941735,Bar,35.715651,139.729063,540,Tue Dec 18 10:28:51 +0000 2012
2290,4b91f33af964a520c6e033e3,4bf58dd8d48988d129951735,Train Station,35.73781504362258,139.65356022119522,540,Thu Dec 20 23:44:01 +0000 2012
2290,4b22e836f964a520185024e3,4bf58dd8d48988d1fd931735,Subway,35.709470113886056,139.73347127437592,540,Fri Dec 21 10:49:07 +0000 2012
2290,4d71b4ed5f003704b3e4d3a0,4bf58dd8d48988d1f9941735,Food & Drink Shop,35.755160338440625,139.5750728020748,540,Sat Dec 22 00:56:45 +0000 2012
2290,4b7f4340f964a520552330e3,4bf58dd8d48988d10d951735,Record Shop,35.729855006347954,139.7136014699936,540,Sat Dec 22 10:21:14 +0000 2012
2290,4b2195e0f964a5206b3e24e3,4bf58dd8d48988d1fd931735,Subway,35.66558604126973,139.73904490470886,540,Thu Dec 27 10:02:15 +0000 2012
2290,4b592a01f964a520be7f28e3,4bf58dd8d48988d1fd931735,Subway,35.663315368578374,139.7321167588234,540,Thu Dec 27 14:18:28 +0000 2012
2290,507683bce4b024f6d5ce9fb7,4f4531504b9074f6e4fb0102,Train Station,35.737751545616554,139.65365610109257,540,Thu Dec 27 15:01:54 +0000 2012
2290,4d6d65538183a143d0b1a39f,4e39a956bd410d7aed40cbc3,Athletic & Sport,35.751712,139.579882,540,Thu Dec 27 15:23:54 +0000 2012
2290,4b563a05f964a520430628e3,4bf58dd8d48988d129951735,Train Station,35.74830601061255,139.56767320632937,540,Thu Dec 27 23:28:52 +0000 2012
2290,4b22e781f964a520075024e3,4bf58dd8d48988d1fd931735,Subway,35.71897398583766,139.7274899482727,540,Fri Dec 28 00:10:29 +0000 2012
2290,4e3a8047d4c05163b45037a7,4bf58dd8d48988d1df941735,Bridge,35.756001539701266,139.58766256845493,540,Sat Dec 29 02:48:53 +0000 2012
2290,4b9c8c7cf964a520946f36e3,4bf58dd8d48988d15f941735,Other Great Outdoors,35.715411933833465,139.721623946653,540,Mon Jan 07 03:44:28 +0000 2013
2290,4b8683daf964a520868d31e3,4bf58dd8d48988d11c941735,Bar,35.709443978853464,139.73068714141846,540,Mon Jan 07 10:31:22 +0000 2013
2290,4b88ee44f964a520041432e3,4bf58dd8d48988d11c941735,Bar,35.70795644579036,139.7350376844406,540,Mon Jan 07 10:59:25 +0000 2013
2290,4b70a602f964a52083272de3,4bf58dd8d48988d1fc931735,Light Rail,35.72535862712498,139.72043305635452,540,Tue Jan 08 10:03:22 +0000 2013
2290,4c1361eda5eb76b03bd6bfb7,4bf58dd8d48988d11b941735,Bar,35.730275,139.713673,540,Tue Jan 08 10:35:57 +0000 2013
2290,4de6ee75d164402a0f1d9cb5,4bf58dd8d48988d113951735,Gas Station / Garage,35.718742,139.723152,540,Wed Jan 09 23:39:51 +0000 2013
2290,4fae3446e4b03d5226e8e10b,4d954b0ea243a5684a65b473,Convenience Store,35.71405523837656,139.7238885590922,540,Wed Jan 09 23:48:23 +0000 2013
2290,4c197ddd9990d13a2a3f7c17,4bf58dd8d48988d11c941735,Bar,35.715651,139.729063,540,Thu Jan 10 10:54:30 +0000 2013
2290,4b563a05f964a520430628e3,4bf58dd8d48988d129951735,Train Station,35.74830601061255,139.56767320632937,540,Thu Jan 10 23:11:44 +0000 2013
2290,4b52d1bff964a520a38827e3,4bf58dd8d48988d129951735,Train Station,35.73787382649612,139.65452313423157,540,Fri Jan 11 23:16:12 +0000 2013
2290,4b88ee44f964a520041432e3,4bf58dd8d48988d11c941735,Bar,35.70795644579036,139.7350376844406,540,Wed Jan 16 09:24:16 +0000 2013
2290,4b22e836f964a520185024e3,4bf58dd8d48988d1fd931735,Subway,35.709470113886056,139.73347127437592,540,Thu Jan 17 10:49:58 +0000 2013
2290,4f03e2b26da1b97b15c5db7f,4d954b0ea243a5684a65b473,Convenience Store,35.7490699309562,139.56978888993282,540,Thu Jan 17 23:27:16 +0000 2013
2290,4b766665f964a520074b2ee3,4bf58dd8d48988d1fd931735,Subway,35.729391226913904,139.71004486083984,540,Fri Jan 18 00:03:38 +0000 2013
2290,4c197ddd9990d13a2a3f7c17,4bf58dd8d48988d11c941735,Bar,35.715651,139.729063,540,Tue Jan 22 09:53:21 +0000 2013
2290,4b6e3e46f964a520e2b32ce3,4bf58dd8d48988d129951735,Train Station,35.729025427145416,139.71109628677368,540,Tue Jan 22 11:15:19 +0000 2013
2290,4df2dad0e4cda09e6da15e1d,4bf58dd8d48988d1fd941735,Mall,35.73312660196207,139.88278132437696,540,Sat Jan 26 10:10:04 +0000 2013
2290,4b52d2cff964a520bb8827e3,4bf58dd8d48988d129951735,Train Station,35.743553244845074,139.6070272475481,540,Sun Jan 27 23:23:03 +0000 2013
2290,4b24b5e7f964a5208d6924e3,4bf58dd8d48988d1fd931735,Subway,35.725682527331706,139.71950568258762,540,Sun Jan 27 23:50:27 +0000 2013
2290,4b55605df964a520c7e227e3,4bf58dd8d48988d124941735,Office,35.71816389245459,139.72744166851044,540,Mon Jan 28 00:04:59 +0000 2013
2290,4b506ecdf964a520202327e3,4bf58dd8d48988d129951735,Train Station,35.731842912950256,139.7280639410019,540,Mon Jan 28 13:46:57 +0000 2013
2290,4b8683daf964a520868d31e3,4bf58dd8d48988d11c941735,Bar,35.709443978853464,139.73068714141846,540,Tue Jan 29 10:34:28 +0000 2013
2290,4b22e836f964a520185024e3,4bf58dd8d48988d1fd931735,Subway,35.709470113886056,139.73347127437592,540,Tue Jan 29 12:07:29 +0000 2013
2290,4b22e836f964a520185024e3,4bf58dd8d48988d1fd931735,Subway,35.709470113886056,139.73347127437592,540,Wed Jan 30 12:28:00 +0000 2013
2290,4b91f33af964a520c6e033e3,4bf58dd8d48988d129951735,Train Station,35.73781504362258,139.65356022119522,540,Wed Jan 30 12:51:51 +0000 2013
2290,4b52d2cff964a520bb8827e3,4bf58dd8d48988d129951735,Train Station,35.743553244845074,139.6070272475481,540,Wed Jan 30 22:51:55 +0000 2013
2290,4b9c643df964a5203c6536e3,4bf58dd8d48988d132941735,Church,35.71426574730637,139.7266262769699,540,Wed Jan 30 23:43:05 +0000 2013
2290,4b9c643df964a5203c6536e3,4bf58dd8d48988d132941735,Church,35.71426574730637,139.7266262769699,540,Fri Feb 01 00:13:45 +0000 2013
2290,4b678d75f964a520fe542be3,4bf58dd8d48988d145941735,Chinese Restaurant,35.717715288812194,139.7438406944275,540,Sun Feb 03 07:53:03 +0000 2013
2290,4b53b05ef964a520e8a727e3,4bf58dd8d48988d129951735,Train Station,35.74953810235406,139.5865398645401,540,Mon Feb 04 13:01:26 +0000 2013
2290,4b6381a2f964a520487f2ae3,4bf58dd8d48988d15c941735,Cemetery,35.722475585070875,139.7198349237442,540,Wed Feb 06 22:50:59 +0000 2013
2290,4b9c8c7cf964a520946f36e3,4bf58dd8d48988d15f941735,Other Great Outdoors,35.715411933833465,139.721623946653,540,Wed Feb 06 23:07:17 +0000 2013
2290,4b9c885ef964a520ae6e36e3,4bf58dd8d48988d1ae941735,University,35.71655493363173,139.72033205895647,540,Thu Feb 07 03:47:49 +0000 2013
2290,4b95c75bf964a52005b334e3,4bf58dd8d48988d145941735,Chinese Restaurant,35.710403,139.733317,540,Fri Feb 08 09:26:21 +0000 2013
2290,4b2438f3f964a520116424e3,4bf58dd8d48988d129951735,Train Station,35.7437954343205,139.67858791351318,540,Mon Feb 11 23:29:04 +0000 2013
2290,4b9c643df964a5203c6536e3,4bf58dd8d48988d132941735,Church,35.71426574730637,139.7266262769699,540,Tue Feb 12 00:04:27 +0000 2013
2290,4f03e2b26da1b97b15c5db7f,4d954b0ea243a5684a65b473,Convenience Store,35.7490699309562,139.56978888993282,540,Tue Feb 12 10:05:40 +0000 2013
2290,4b24b5e7f964a5208d6924e3,4bf58dd8d48988d1fd931735,Subway,35.725682527331706,139.71950568258762,540,Tue Feb 12 23:48:57 +0000 2013
2290,4b583b37f964a520d24e28e3,4bf58dd8d48988d13a941735,Temple,35.72176134100471,139.72567677497864,540,Wed Feb 13 00:01:27 +0000 2013
2290,4b74ebd5f964a52024f82de3,4bf58dd8d48988d130941735,Building,35.713807090572814,139.7312153240814,540,Wed Feb 13 00:14:51 +0000 2013
2290,4b2438f3f964a520116424e3,4bf58dd8d48988d129951735,Train Station,35.7437954343205,139.67858791351318,540,Wed Feb 13 09:28:57 +0000 2013
2290,4b5e6b33f964a520e28d29e3,4bf58dd8d48988d1fc931735,Light Rail,35.724241569586496,139.71801102161407,540,Wed Feb 13 23:31:19 +0000 2013
2290,4b8683daf964a520868d31e3,4bf58dd8d48988d11c941735,Bar,35.709443978853464,139.73068714141846,540,Thu Feb 14 09:16:35 +0000 2013
